{"stats":{"minecraft:killed":{"minecraft:cave_spider":27,"minecraft:spider":22,"minecraft:skeleton":10,"minecraft:creeper":3,"minecraft:pillager":11,"minecraft:goat":1,"minecraft:zombie":7,"minecraft:stray":37,"minecraft:cow":11,"chococraft:chocobo":1,"minecraft:horse":3,"minecraft:rabbit":4,"minecraft:ravager":1,"minecraft:enderman":1},"minecraft:picked_up":{"chococraft:loverly_gysahl_green":5,"minecraft:iron_chestplate":3,"minecraft:wheat":6,"minecraft:smithing_table":2,"minecraft:potion":1,"minecraft:enchanted_book":1,"minecraft:string":50,"minecraft:cobbled_deepslate":4,"minecraft:bucket":1,"minecraft:spruce_planks":77,"minecraft:trial_key":14,"minecraft:iron_pickaxe":3,"minecraft:enchanted_golden_apple":2,"minecraft:melon_slice":91,"minecraft:furnace":5,"minecraft:tipped_arrow":42,"chococraft:chocobo_saddle_bags":2,"minecraft:torch":15,"minecraft:green_bed":3,"minecraft:porkchop":6,"minecraft:pointed_dripstone":42,"minecraft:honey_bottle":4,"farmersdelight:onion":12,"supplementaries:antique_ink":2,"minecraft:iron_block":2,"chococraft:chocobo_drumstick_raw":2,"supplementaries:ash":10,"minecraft:obsidian":15,"minecraft:cod":10,"minecraft:cobblestone":73,"minecraft:cooked_beef":11,"minecraft:water_bucket":1,"minecraft:smoker":2,"minecraft:potato":32,"minecraft:flint":10,"minecraft:tuff":9,"minecraft:lapis_lazuli":19,"minecraft:dirt":16,"minecraft:bone":31,"minecraft:glass":1,"minecraft:wheat_seeds":4,"minecraft:raw_gold":4,"minecraft:grindstone":2,"minecraft:bolt_armor_trim_smithing_template":2,"minecraft:rabbit":1,"minecraft:oak_planks":4,"minecraft:cooked_porkchop":12,"minecraft:sand":29,"minecraft:stripped_spruce_log":13,"minecraft:grass_block":1,"travelersbackpack:white_sleeping_bag":1,"minecraft:diamond":7,"minecraft:spruce_boat":2,"minecraft:crossbow":5,"minecraft:breeze_rod":3,"minecraft:golden_apple":1,"minecraft:bread":168,"minecraft:emerald":99,"minecraft:ominous_trial_key":14,"minecraft:diamond_pickaxe":2,"minecraft:coarse_dirt":2,"minecraft:charcoal":55,"minecraft:crafting_table":9,"minecraft:ominous_bottle":3,"minecraft:chicken":2,"minecraft:gold_block":2,"minecraft:brick":6,"minecraft:wind_charge":59,"minecraft:iron_axe":1,"minecraft:flint_and_steel":2,"minecraft:compass":2,"minecraft:item_frame":1,"minecraft:beef":42,"minecraft:iron_nugget":16,"minecraft:sugar_cane":16,"minecraft:chest":3,"minecraft:egg":2,"minecraft:raw_iron":6,"minecraft:stone_button":2,"minecraft:carrot":5,"minecraft:stone_pressure_plate":1,"minecraft:arrow":225,"minecraft:diamond_chestplate":2,"minecraft:decorated_pot":12,"minecraft:pumpkin_pie":2,"minecraft:shears":1,"minecraft:hay_block":52,"minecraft:flow_armor_trim_smithing_template":2,"minecraft:saddle":3,"minecraft:gold_ingot":21,"minecraft:tuff_bricks":1,"minecraft:mutton":9,"minecraft:skeleton_skull":1,"minecraft:white_wool":24,"minecraft:golden_carrot":11,"minecraft:leather":28,"minecraft:red_glazed_terracotta":1,"minecraft:red_mushroom":1,"minecraft:acacia_wood":1,"minecraft:filled_map":5,"minecraft:gunpowder":8,"minecraft:blue_bed":5,"minecraft:paper":16,"minecraft:cooked_mutton":11,"chococraft:chocobo_feather":20,"chococraft:gysahl_green":236,"minecraft:apple":3,"chococraft:gold_gysahl":1,"minecraft:rabbit_hide":4,"minecraft:iron_ingot":46,"minecraft:polished_tuff_slab":1,"minecraft:cooked_chicken":2,"minecraft:iron_sword":2,"minecraft:dark_oak_stairs":4,"minecraft:book":4,"minecraft:scaffolding":2,"chococraft:gysahl_green_seeds":38,"minecraft:blast_furnace":4,"minecraft:white_bed":2,"minecraft:spruce_log":21,"minecraft:polished_tuff":3,"minecraft:spider_eye":9,"minecraft:polished_diorite_stairs":1,"minecraft:diamond_shovel":1,"minecraft:polished_diorite":1,"minecraft:stone_axe":1,"chococraft:chocobo_whistle":2,"minecraft:diamond_axe":3,"minecraft:painting":10,"minecraft:baked_potato":8,"minecraft:coal":177,"minecraft:chiseled_tuff_bricks":6},"minecraft:crafted":{"chococraft:chocobo_whistle":1,"minecraft:cooked_chicken":2,"minecraft:cooked_mutton":9,"minecraft:glass":13,"minecraft:iron_boots":1,"minecraft:chest":3,"minecraft:cooked_rabbit":1,"travelersbackpack:iron_tier_upgrade":1,"minecraft:cooked_porkchop":6,"minecraft:crafting_table":8,"minecraft:spruce_planks":136,"travelersbackpack:standard":4,"minecraft:iron_helmet":1,"minecraft:smithing_table":1,"chococraft:chocopedia":1,"minecraft:book":1,"minecraft:paper":3,"minecraft:shield":1,"minecraft:stick":4,"minecraft:iron_ingot":15,"minecraft:gold_ingot":18,"minecraft:shears":1,"chococraft:chocobo_saddle_pack":1,"minecraft:furnace":1,"travelersbackpack:blank_upgrade":4,"travelersbackpack:gold_tier_upgrade":1,"chococraft:chocobo_saddle_bags":1,"travelersbackpack:white_sleeping_bag":2,"minecraft:spruce_boat":1,"minecraft:wheat":390,"minecraft:cooked_beef":7,"travelersbackpack:backpack_tank":2,"minecraft:bucket":1,"minecraft:stone_axe":1,"minecraft:bread":132,"minecraft:air":0,"minecraft:iron_leggings":1,"chococraft:chocobo_saddle":2},"minecraft:used":{"minecraft:decorated_pot":12,"minecraft:chest":2,"minecraft:shield":71,"minecraft:iron_sword":205,"minecraft:iron_chestplate":1,"minecraft:spruce_boat":2,"minecraft:lava_bucket":1,"minecraft:iron_helmet":1,"minecraft:ominous_bottle":1,"minecraft:furnace":2,"minecraft:polished_diorite_stairs":1,"minecraft:dark_oak_stairs":4,"minecraft:oak_planks":4,"minecraft:blue_bed":5,"minecraft:diamond_axe":203,"minecraft:golden_apple":1,"minecraft:blast_furnace":1,"minecraft:crossbow":19,"minecraft:bread":81,"minecraft:melon_slice":1,"minecraft:stone_button":1,"minecraft:chiseled_tuff_bricks":2,"minecraft:smithing_table":2,"minecraft:cooked_rabbit":1,"minecraft:coarse_dirt":2,"minecraft:experience_bottle":1,"minecraft:spruce_planks":40,"minecraft:cooked_chicken":2,"minecraft:trial_key":8,"minecraft:torch":2,"minecraft:dirt":16,"minecraft:polished_diorite":1,"minecraft:iron_axe":30,"minecraft:iron_boots":1,"minecraft:golden_carrot":9,"minecraft:acacia_wood":1,"minecraft:cooked_beef":9,"minecraft:cobbled_deepslate":4,"minecraft:iron_leggings":1,"minecraft:cooked_mutton":10,"minecraft:water_bucket":35,"minecraft:green_bed":2,"farmersdelight:onion":2,"minecraft:crafting_table":15,"minecraft:red_mushroom":1,"minecraft:white_bed":1,"minecraft:diamond_pickaxe":9,"minecraft:diamond_shovel":20,"minecraft:ominous_trial_key":3,"chococraft:gysahl_green_seeds":20,"minecraft:wind_charge":4,"minecraft:iron_pickaxe":99,"minecraft:stone_axe":76,"minecraft:cobblestone":20,"minecraft:potion":1,"travelersbackpack:standard":2,"minecraft:bucket":37,"minecraft:pumpkin_pie":2},"minecraft:killed_by":{"minecraft:skeleton":1,"guardvillagers:guard":1},"minecraft:dropped":{"minecraft:iron_sword":1,"minecraft:glass_bottle":1,"minecraft:crafting_table":1,"minecraft:crossbow":4,"minecraft:saddle":1,"travelersbackpack:standard":1,"minecraft:cod":5,"minecraft:emerald":26,"minecraft:flint":4,"minecraft:stone_button":1,"farmersdelight:onion":12,"minecraft:sand":16,"minecraft:iron_pickaxe":2,"minecraft:white_wool":6,"minecraft:gold_ingot":1,"minecraft:bone":19,"minecraft:red_glazed_terracotta":1,"minecraft:stone_axe":1,"minecraft:iron_nugget":16,"minecraft:chiseled_tuff_bricks":4,"minecraft:grindstone":1,"minecraft:white_bed":1,"supplementaries:ash":10,"minecraft:tipped_arrow":44,"minecraft:chest":1,"minecraft:breeze_rod":1,"minecraft:painting":5,"minecraft:arrow":8,"minecraft:glass":2,"minecraft:beef":19,"minecraft:scaffolding":2,"minecraft:enchanted_book":1,"minecraft:iron_ingot":10,"minecraft:bread":121,"minecraft:wheat_seeds":4,"minecraft:cobblestone":13,"minecraft:polished_tuff":3,"chococraft:gysahl_green_seeds":18,"minecraft:ominous_trial_key":4,"minecraft:grass_block":1,"minecraft:coal":2,"minecraft:stick":2,"minecraft:iron_block":1,"minecraft:golden_carrot":2,"minecraft:torch":1,"chococraft:chocobo_drumstick_raw":2,"minecraft:melon_slice":23,"artifacts:feral_claws":1,"minecraft:string":1,"minecraft:furnace":3,"minecraft:tuff_bricks":1,"chococraft:chocobo_feather":6,"minecraft:polished_tuff_slab":1,"minecraft:tuff":9,"minecraft:shears":2,"minecraft:flint_and_steel":1,"minecraft:blast_furnace":1,"minecraft:filled_map":5,"minecraft:spruce_boat":1,"minecraft:trial_key":4,"minecraft:diamond_chestplate":1,"minecraft:spruce_planks":8,"minecraft:iron_chestplate":3,"minecraft:stone_pressure_plate":1,"minecraft:spider_eye":9,"minecraft:raw_gold":4,"minecraft:brick":6},"minecraft:custom":{"minecraft:animals_bred":1,"minecraft:interact_with_crafting_table":56,"minecraft:open_barrel":3,"minecraft:eat_cake_slice":11,"minecraft:leave_game":5,"minecraft:time_since_death":55693,"minecraft:sprint_one_cm":498674,"minecraft:damage_blocked_by_shield":1873,"minecraft:drop":188,"minecraft:play_noteblock":3,"minecraft:talked_to_villager":2,"minecraft:play_time":248568,"minecraft:deaths":2,"minecraft:jump":4856,"minecraft:walk_on_water_one_cm":23811,"minecraft:interact_with_furnace":46,"minecraft:sleep_in_bed":10,"minecraft:waystone_activated":2,"minecraft:damage_dealt":24021,"minecraft:crouch_one_cm":21450,"minecraft:inspect_dispenser":2,"minecraft:interact_with_smithing_table":13,"minecraft:mob_kills":144,"minecraft:climb_one_cm":4687,"minecraft:walk_one_cm":774808,"minecraft:raid_win":1,"minecraft:sneak_time":6059,"minecraft:walk_under_water_one_cm":11907,"minecraft:boat_one_cm":28852,"minecraft:interact_with_blast_furnace":2,"minecraft:total_world_time":248568,"minecraft:tune_noteblock":5,"minecraft:raid_trigger":1,"minecraft:interact_with_grindstone":1,"minecraft:time_since_rest":32536,"minecraft:damage_taken":6363,"minecraft:damage_absorbed":40,"minecraft:swim_one_cm":14716,"minecraft:fly_one_cm":955780,"minecraft:open_chest":74,"minecraft:fall_one_cm":148126},"minecraft:broken":{"minecraft:iron_boots":1,"minecraft:iron_leggings":1},"minecraft:mined":{"minecraft:spruce_planks":5,"minecraft:white_bed":1,"minecraft:grass_block":11,"minecraft:polished_diorite":1,"minecraft:tuff_bricks":1,"minecraft:iron_ore":6,"minecraft:cobbled_deepslate":3,"minecraft:fire":6,"minecraft:polished_tuff":1,"minecraft:dark_oak_stairs":4,"chococraft:gysahl_green":63,"minecraft:pointed_dripstone":6,"minecraft:dirt_path":1,"minecraft:polished_tuff_slab":1,"minecraft:green_bed":2,"minecraft:torch":2,"minecraft:blast_furnace":2,"minecraft:melon":4,"minecraft:chest":2,"minecraft:cobblestone":2,"minecraft:grindstone":1,"minecraft:sugar_cane":7,"minecraft:oak_planks":4,"minecraft:polished_diorite_stairs":1,"minecraft:sand":30,"minecraft:dirt":3,"minecraft:oak_leaves":5,"minecraft:decorated_pot":18,"minecraft:jungle_planks":2,"minecraft:spruce_leaves":6,"minecraft:red_mushroom":1,"minecraft:hay_block":44,"minecraft:furnace":3,"minecraft:acacia_wood":1,"minecraft:stripped_spruce_log":14,"minecraft:gold_block":1,"minecraft:packed_ice":3,"minecraft:stone":27,"minecraft:smithing_table":2,"supplementaries:book_pile_horizontal":1,"minecraft:scaffolding":2,"minecraft:glass_pane":1,"minecraft:crafting_table":10,"minecraft:short_grass":35,"minecraft:campfire":15,"minecraft:tall_grass":2,"minecraft:red_glazed_terracotta":1,"minecraft:blue_bed":5,"supplementaries:urn":2,"minecraft:spruce_log":21,"minecraft:coal_ore":47,"minecraft:flower_pot":1,"minecraft:gravel":1,"minecraft:cobweb":17}},"DataVersion":3953}