{"stats":{"minecraft:used":{"minecraft:chest":2,"minecraft:spruce_planks":5,"minecraft:shield":33,"minecraft:iron_sword":173,"minecraft:torch":1,"minecraft:dirt":7,"minecraft:polished_diorite":1,"minecraft:spruce_boat":2,"minecraft:lava_bucket":1,"minecraft:golden_carrot":1,"minecraft:furnace":2,"minecraft:polished_diorite_stairs":1,"minecraft:acacia_wood":1,"minecraft:cooked_beef":8,"minecraft:cooked_mutton":10,"minecraft:dark_oak_stairs":4,"minecraft:water_bucket":10,"minecraft:oak_planks":4,"minecraft:blue_bed":4,"farmersdelight:onion":2,"minecraft:crafting_table":9,"minecraft:blast_furnace":1,"minecraft:bread":26,"minecraft:iron_pickaxe":99,"minecraft:stone_axe":76,"travelersbackpack:standard":1,"minecraft:cobblestone":5,"minecraft:cooked_rabbit":1,"minecraft:bucket":12,"minecraft:pumpkin_pie":2,"minecraft:coarse_dirt":2,"minecraft:experience_bottle":1},"minecraft:custom":{"minecraft:mob_kills":57,"minecraft:interact_with_crafting_table":30,"minecraft:eat_cake_slice":11,"minecraft:leave_game":4,"minecraft:time_since_death":40529,"minecraft:climb_one_cm":917,"minecraft:sprint_one_cm":253044,"minecraft:walk_one_cm":320820,"minecraft:damage_blocked_by_shield":943,"minecraft:drop":54,"minecraft:play_noteblock":3,"minecraft:talked_to_villager":2,"minecraft:play_time":109053,"minecraft:deaths":1,"minecraft:sneak_time":1683,"minecraft:walk_under_water_one_cm":5522,"minecraft:boat_one_cm":28852,"minecraft:jump":2693,"minecraft:interact_with_blast_furnace":2,"minecraft:walk_on_water_one_cm":15015,"minecraft:total_world_time":109053,"minecraft:interact_with_furnace":41,"minecraft:tune_noteblock":5,"minecraft:interact_with_grindstone":1,"minecraft:sleep_in_bed":6,"minecraft:time_since_rest":3644,"minecraft:damage_taken":2698,"minecraft:damage_dealt":10027,"minecraft:swim_one_cm":8824,"minecraft:fly_one_cm":598249,"minecraft:open_chest":41,"minecraft:crouch_one_cm":6229,"minecraft:fall_one_cm":79962},"minecraft:mined":{"minecraft:spruce_planks":2,"minecraft:grass_block":3,"minecraft:decorated_pot":3,"minecraft:jungle_planks":2,"minecraft:polished_diorite":1,"minecraft:spruce_leaves":3,"minecraft:hay_block":44,"minecraft:furnace":2,"minecraft:iron_ore":6,"minecraft:acacia_wood":1,"minecraft:stripped_spruce_log":8,"minecraft:dark_oak_stairs":4,"minecraft:gold_block":1,"chococraft:gysahl_green":35,"minecraft:pointed_dripstone":6,"minecraft:dirt_path":1,"minecraft:packed_ice":3,"minecraft:stone":27,"minecraft:scaffolding":2,"minecraft:crafting_table":5,"minecraft:torch":2,"minecraft:short_grass":17,"minecraft:blast_furnace":2,"minecraft:melon":4,"minecraft:chest":2,"minecraft:campfire":15,"minecraft:tall_grass":2,"minecraft:cobblestone":2,"minecraft:sugar_cane":7,"minecraft:grindstone":1,"minecraft:oak_planks":4,"minecraft:blue_bed":5,"minecraft:polished_diorite_stairs":1,"minecraft:spruce_log":13,"minecraft:coal_ore":47,"minecraft:sand":13,"minecraft:gravel":1,"minecraft:dirt":2,"minecraft:cobweb":2},"minecraft:killed":{"minecraft:spider":9,"minecraft:horse":2,"minecraft:skeleton":10,"minecraft:rabbit":4,"minecraft:creeper":3,"minecraft:pillager":10,"minecraft:goat":1,"minecraft:zombie":4,"minecraft:stray":2,"minecraft:enderman":1,"minecraft:cow":9,"chococraft:chocobo":1},"minecraft:picked_up":{"minecraft:crafting_table":4,"minecraft:charcoal":55,"chococraft:loverly_gysahl_green":3,"minecraft:coarse_dirt":2,"minecraft:wheat":6,"minecraft:chicken":2,"minecraft:gold_block":2,"minecraft:brick":2,"minecraft:string":8,"minecraft:flint_and_steel":2,"minecraft:item_frame":1,"minecraft:bucket":1,"minecraft:spruce_planks":62,"minecraft:beef":38,"minecraft:iron_pickaxe":1,"minecraft:melon_slice":46,"minecraft:sugar_cane":16,"minecraft:chest":3,"minecraft:furnace":2,"minecraft:raw_iron":6,"chococraft:chocobo_saddle_bags":1,"minecraft:torch":4,"minecraft:porkchop":6,"minecraft:stone_button":1,"minecraft:pointed_dripstone":42,"minecraft:stone_pressure_plate":1,"minecraft:arrow":26,"minecraft:pumpkin_pie":2,"minecraft:shears":1,"minecraft:hay_block":52,"minecraft:gold_ingot":20,"chococraft:chocobo_drumstick_raw":2,"minecraft:obsidian":15,"minecraft:mutton":9,"minecraft:cod":10,"minecraft:white_wool":15,"minecraft:cobblestone":65,"minecraft:cooked_beef":11,"minecraft:golden_carrot":11,"minecraft:leather":23,"minecraft:acacia_wood":1,"minecraft:potato":32,"minecraft:filled_map":4,"minecraft:flint":1,"minecraft:gunpowder":8,"minecraft:blue_bed":5,"minecraft:dirt":7,"minecraft:cooked_mutton":11,"minecraft:bone":2,"chococraft:chocobo_feather":7,"minecraft:glass":1,"chococraft:gysahl_green":122,"minecraft:apple":3,"minecraft:wheat_seeds":3,"minecraft:rabbit_hide":4,"minecraft:grindstone":2,"minecraft:iron_ingot":20,"minecraft:cooked_chicken":2,"minecraft:rabbit":1,"minecraft:oak_planks":4,"minecraft:iron_sword":1,"minecraft:dark_oak_stairs":4,"minecraft:scaffolding":2,"minecraft:cooked_porkchop":6,"minecraft:sand":13,"minecraft:stripped_spruce_log":7,"chococraft:gysahl_green_seeds":14,"minecraft:blast_furnace":4,"minecraft:spruce_log":13,"minecraft:grass_block":1,"minecraft:spider_eye":2,"travelersbackpack:white_sleeping_bag":1,"minecraft:polished_diorite_stairs":1,"minecraft:diamond":1,"minecraft:stone_axe":1,"minecraft:polished_diorite":1,"minecraft:spruce_boat":2,"chococraft:chocobo_whistle":1,"minecraft:crossbow":1,"minecraft:painting":10,"minecraft:emerald":3,"minecraft:bread":66,"minecraft:coal":107},"minecraft:killed_by":{"minecraft:skeleton":1},"minecraft:crafted":{"chococraft:chocobo_whistle":1,"minecraft:cooked_chicken":2,"minecraft:furnace":1,"minecraft:cooked_mutton":9,"chococraft:chocobo_saddle_bags":1,"minecraft:glass":13,"travelersbackpack:white_sleeping_bag":1,"minecraft:chest":2,"minecraft:spruce_boat":1,"minecraft:cooked_rabbit":1,"minecraft:wheat":390,"minecraft:cooked_beef":7,"minecraft:cooked_porkchop":6,"minecraft:crafting_table":6,"minecraft:spruce_planks":80,"travelersbackpack:backpack_tank":2,"travelersbackpack:standard":1,"chococraft:chocopedia":1,"minecraft:bucket":1,"minecraft:stone_axe":1,"minecraft:bread":132,"minecraft:air":0,"minecraft:book":1,"minecraft:paper":3,"minecraft:shield":1,"minecraft:stick":4,"minecraft:iron_ingot":6,"minecraft:gold_ingot":18,"chococraft:chocobo_saddle":2,"minecraft:shears":1},"minecraft:dropped":{"minecraft:iron_ingot":10,"minecraft:bread":64,"minecraft:wheat_seeds":3,"minecraft:crossbow":1,"minecraft:cobblestone":12,"chococraft:gysahl_green_seeds":14,"minecraft:saddle":1,"minecraft:grass_block":1,"minecraft:cod":5,"minecraft:stick":2,"minecraft:flint":1,"minecraft:emerald":7,"minecraft:stone_button":1,"minecraft:torch":1,"chococraft:chocobo_drumstick_raw":1,"minecraft:iron_pickaxe":1,"artifacts:feral_claws":1,"minecraft:string":1,"minecraft:stone_axe":1,"chococraft:chocobo_feather":1,"minecraft:grindstone":1,"minecraft:shears":1,"minecraft:flint_and_steel":1,"minecraft:blast_furnace":1,"minecraft:filled_map":4,"minecraft:spruce_boat":1,"minecraft:spruce_planks":8,"minecraft:chest":1,"minecraft:stone_pressure_plate":1,"minecraft:spider_eye":2,"minecraft:painting":5,"minecraft:glass":2,"minecraft:beef":19,"minecraft:scaffolding":2,"minecraft:brick":2}},"DataVersion":3953}