{"stats":{"minecraft:custom":{"minecraft:animals_bred":2,"minecraft:interact_with_crafting_table":68,"minecraft:open_barrel":3,"minecraft:bell_ring":3,"minecraft:eat_cake_slice":11,"minecraft:leave_game":6,"minecraft:time_since_death":131087,"minecraft:sprint_one_cm":627535,"minecraft:damage_blocked_by_shield":3253,"minecraft:drop":232,"minecraft:play_noteblock":3,"minecraft:talked_to_villager":3,"minecraft:play_time":323962,"minecraft:deaths":2,"minecraft:jump":6131,"minecraft:walk_on_water_one_cm":42081,"minecraft:interact_with_furnace":53,"minecraft:sleep_in_bed":13,"minecraft:waystone_activated":2,"minecraft:damage_dealt":29205,"minecraft:crouch_one_cm":53238,"minecraft:interact_with_smoker":1,"minecraft:inspect_dispenser":2,"minecraft:interact_with_smithing_table":16,"minecraft:mob_kills":170,"minecraft:climb_one_cm":4719,"minecraft:walk_one_cm":994655,"minecraft:raid_win":1,"minecraft:sneak_time":14148,"minecraft:walk_under_water_one_cm":16626,"minecraft:boat_one_cm":28852,"minecraft:interact_with_blast_furnace":2,"minecraft:total_world_time":323962,"minecraft:tune_noteblock":6,"minecraft:raid_trigger":1,"minecraft:interact_with_grindstone":1,"minecraft:time_since_rest":27602,"minecraft:damage_taken":8013,"minecraft:damage_absorbed":40,"minecraft:swim_one_cm":23276,"minecraft:fly_one_cm":1200142,"minecraft:open_chest":84,"minecraft:fall_one_cm":180905},"minecraft:mined":{"minecraft:dark_oak_planks":1,"minecraft:spruce_planks":54,"minecraft:white_bed":1,"minecraft:grass_block":50,"minecraft:coal_block":1,"minecraft:polished_diorite":1,"minecraft:tuff_bricks":1,"minecraft:iron_ore":36,"minecraft:cobbled_deepslate":3,"minecraft:fire":6,"minecraft:polished_tuff":1,"minecraft:dark_oak_stairs":4,"chococraft:gysahl_green":100,"minecraft:pointed_dripstone":6,"minecraft:dirt_path":1,"minecraft:polished_tuff_slab":1,"minecraft:green_bed":4,"minecraft:torch":2,"minecraft:dark_oak_wood":8,"minecraft:blast_furnace":2,"minecraft:poppy":2,"minecraft:melon":4,"minecraft:chest":2,"minecraft:cobblestone":2,"minecraft:grindstone":1,"minecraft:sugar_cane":7,"minecraft:oak_planks":4,"minecraft:polished_diorite_stairs":1,"minecraft:sand":30,"minecraft:dirt":14,"minecraft:oak_leaves":5,"minecraft:tuff":1,"minecraft:decorated_pot":18,"minecraft:jungle_planks":3,"minecraft:spruce_leaves":6,"minecraft:red_mushroom":1,"minecraft:hay_block":44,"minecraft:furnace":3,"minecraft:acacia_wood":1,"minecraft:stripped_spruce_log":14,"minecraft:gold_block":1,"minecraft:bookshelf":50,"minecraft:rail":1,"minecraft:packed_ice":3,"minecraft:stone":305,"minecraft:smithing_table":4,"supplementaries:book_pile_horizontal":1,"minecraft:scaffolding":2,"minecraft:glass_pane":1,"minecraft:dandelion":1,"minecraft:crafting_table":16,"minecraft:short_grass":59,"minecraft:emerald_ore":1,"minecraft:campfire":15,"minecraft:tall_grass":18,"minecraft:red_glazed_terracotta":1,"minecraft:diorite":5,"minecraft:blue_bed":5,"supplementaries:urn":2,"minecraft:spruce_log":21,"minecraft:coal_ore":78,"minecraft:flower_pot":1,"minecraft:gravel":1,"minecraft:cobweb":17},"minecraft:used":{"minecraft:decorated_pot":12,"minecraft:chest":2,"minecraft:shield":89,"minecraft:iron_sword":205,"minecraft:iron_chestplate":1,"minecraft:jungle_planks":1,"minecraft:spruce_boat":2,"minecraft:lava_bucket":1,"minecraft:iron_helmet":1,"minecraft:ominous_bottle":1,"minecraft:furnace":2,"minecraft:polished_diorite_stairs":1,"minecraft:egg":3,"minecraft:dark_oak_stairs":4,"minecraft:oak_planks":4,"minecraft:blue_bed":5,"minecraft:diamond_axe":400,"minecraft:golden_apple":1,"minecraft:blast_furnace":1,"minecraft:crossbow":51,"minecraft:melon_slice":1,"minecraft:bread":98,"minecraft:stone_button":1,"minecraft:chiseled_tuff_bricks":2,"minecraft:smithing_table":4,"minecraft:cooked_rabbit":1,"minecraft:coarse_dirt":2,"minecraft:bone_meal":5,"minecraft:experience_bottle":1,"minecraft:spruce_planks":86,"minecraft:trial_key":8,"minecraft:cooked_chicken":3,"minecraft:torch":2,"minecraft:dirt":27,"minecraft:polished_diorite":1,"minecraft:iron_axe":30,"minecraft:iron_boots":1,"minecraft:golden_carrot":9,"minecraft:acacia_wood":1,"minecraft:cooked_beef":13,"minecraft:cobbled_deepslate":6,"minecraft:iron_leggings":1,"minecraft:cooked_mutton":10,"minecraft:water_bucket":53,"minecraft:baked_potato":4,"minecraft:green_bed":4,"farmersdelight:onion":2,"minecraft:crafting_table":21,"minecraft:red_mushroom":1,"minecraft:white_bed":1,"minecraft:diamond_pickaxe":358,"minecraft:ominous_trial_key":3,"minecraft:diamond_shovel":66,"chococraft:gysahl_green_seeds":56,"minecraft:wind_charge":4,"minecraft:iron_pickaxe":99,"minecraft:stone_axe":76,"minecraft:potion":1,"minecraft:cobblestone":20,"travelersbackpack:standard":3,"minecraft:cooked_porkchop":6,"minecraft:bucket":61,"minecraft:pumpkin_pie":2},"minecraft:dropped":{"minecraft:iron_sword":1,"minecraft:baked_potato":2,"minecraft:glass_bottle":2,"minecraft:crafting_table":1,"minecraft:crossbow":4,"minecraft:saddle":1,"travelersbackpack:standard":1,"minecraft:rail":2,"minecraft:cod":5,"minecraft:flint":7,"minecraft:emerald":26,"minecraft:dirt":1,"minecraft:stone_button":1,"farmersdelight:onion":12,"minecraft:sand":16,"minecraft:iron_pickaxe":2,"minecraft:white_wool":6,"minecraft:gold_ingot":1,"minecraft:bone":32,"minecraft:red_glazed_terracotta":1,"minecraft:stone_axe":1,"minecraft:iron_nugget":16,"minecraft:chiseled_tuff_bricks":4,"minecraft:cobbled_deepslate":2,"minecraft:rotten_flesh":1,"minecraft:grindstone":1,"minecraft:white_bed":1,"minecraft:poppy":4,"supplementaries:ash":10,"minecraft:tipped_arrow":45,"minecraft:chest":1,"minecraft:breeze_rod":1,"minecraft:painting":5,"minecraft:arrow":11,"minecraft:beef":19,"minecraft:glass":2,"minecraft:scaffolding":2,"minecraft:water_bucket":1,"minecraft:bread":121,"minecraft:enchanted_book":1,"minecraft:iron_ingot":10,"minecraft:wheat_seeds":9,"minecraft:cobblestone":13,"minecraft:book":10,"minecraft:polished_tuff":3,"chococraft:gysahl_green_seeds":47,"minecraft:ominous_trial_key":4,"minecraft:grass_block":1,"minecraft:coal":2,"minecraft:stick":2,"minecraft:iron_block":1,"minecraft:diorite":5,"minecraft:golden_carrot":2,"minecraft:torch":1,"chococraft:chocobo_drumstick_raw":2,"minecraft:melon_slice":23,"artifacts:feral_claws":1,"minecraft:string":1,"minecraft:furnace":3,"minecraft:tuff_bricks":1,"chococraft:chocobo_feather":6,"minecraft:polished_tuff_slab":1,"minecraft:tuff":10,"minecraft:shears":2,"minecraft:flint_and_steel":1,"minecraft:blast_furnace":1,"minecraft:filled_map":5,"minecraft:spruce_boat":1,"minecraft:trial_key":4,"minecraft:diamond_chestplate":1,"minecraft:spruce_planks":9,"minecraft:iron_chestplate":3,"minecraft:stone_pressure_plate":1,"minecraft:spider_eye":10,"minecraft:raw_gold":4,"chococraft:gysahl_green":9,"minecraft:brick":6},"minecraft:broken":{"minecraft:iron_boots":1,"minecraft:iron_leggings":1,"minecraft:shield":1},"minecraft:picked_up":{"chococraft:loverly_gysahl_green":12,"minecraft:iron_chestplate":3,"minecraft:wheat":6,"minecraft:smithing_table":4,"minecraft:potion":4,"minecraft:enchanted_book":1,"minecraft:string":67,"minecraft:experience_bottle":1,"minecraft:cobbled_deepslate":8,"minecraft:bucket":1,"minecraft:spruce_planks":125,"minecraft:trial_key":16,"minecraft:iron_pickaxe":3,"minecraft:enchanted_golden_apple":2,"minecraft:melon_slice":91,"minecraft:coal_block":1,"minecraft:furnace":5,"minecraft:tipped_arrow":43,"chococraft:chocobo_saddle_bags":2,"minecraft:torch":15,"minecraft:green_bed":5,"minecraft:porkchop":6,"minecraft:pointed_dripstone":42,"minecraft:diorite":5,"minecraft:rotten_flesh":1,"minecraft:honey_bottle":4,"farmersdelight:onion":12,"supplementaries:antique_ink":2,"minecraft:iron_block":2,"chococraft:chocobo_drumstick_raw":2,"supplementaries:ash":10,"minecraft:obsidian":15,"minecraft:cod":10,"minecraft:cobblestone":349,"minecraft:cooked_beef":11,"minecraft:water_bucket":1,"minecraft:smoker":2,"minecraft:potato":32,"minecraft:flint":10,"minecraft:tuff":10,"minecraft:lapis_lazuli":19,"minecraft:dirt":67,"minecraft:bone":45,"minecraft:glass":1,"minecraft:wheat_seeds":9,"minecraft:raw_gold":4,"minecraft:grindstone":2,"minecraft:bolt_armor_trim_smithing_template":2,"minecraft:rabbit":1,"minecraft:oak_planks":4,"minecraft:cooked_porkchop":12,"minecraft:jungle_planks":1,"minecraft:sand":29,"minecraft:stripped_spruce_log":13,"minecraft:grass_block":1,"travelersbackpack:white_sleeping_bag":1,"minecraft:diamond":7,"minecraft:spruce_boat":2,"minecraft:crossbow":5,"minecraft:breeze_rod":3,"minecraft:golden_apple":1,"minecraft:emerald":100,"minecraft:bread":175,"minecraft:ominous_trial_key":14,"minecraft:diamond_pickaxe":2,"minecraft:charcoal":55,"minecraft:coarse_dirt":2,"minecraft:crafting_table":15,"minecraft:ominous_bottle":3,"minecraft:chicken":2,"minecraft:gold_block":2,"minecraft:brick":6,"minecraft:shield":1,"minecraft:wind_charge":59,"minecraft:iron_axe":1,"minecraft:flint_and_steel":2,"minecraft:item_frame":1,"minecraft:compass":2,"minecraft:beef":42,"minecraft:iron_nugget":16,"minecraft:poppy":4,"minecraft:sugar_cane":16,"minecraft:chest":3,"minecraft:egg":5,"minecraft:raw_iron":36,"minecraft:stone_button":2,"minecraft:carrot":5,"minecraft:stone_pressure_plate":1,"minecraft:dark_oak_planks":1,"minecraft:arrow":262,"minecraft:diamond_chestplate":2,"minecraft:decorated_pot":12,"minecraft:pumpkin_pie":2,"minecraft:shears":1,"minecraft:hay_block":52,"minecraft:flow_armor_trim_smithing_template":2,"minecraft:saddle":3,"minecraft:gold_ingot":21,"minecraft:tuff_bricks":1,"minecraft:mutton":9,"minecraft:rail":2,"minecraft:skeleton_skull":1,"minecraft:white_wool":24,"minecraft:golden_carrot":11,"minecraft:leather":28,"minecraft:red_glazed_terracotta":1,"minecraft:red_mushroom":1,"minecraft:acacia_wood":1,"minecraft:filled_map":5,"minecraft:gunpowder":8,"minecraft:blue_bed":5,"minecraft:paper":16,"minecraft:cooked_mutton":11,"chococraft:chocobo_feather":28,"chococraft:gysahl_green":340,"minecraft:apple":3,"chococraft:gold_gysahl":3,"minecraft:rabbit_hide":4,"minecraft:iron_ingot":46,"minecraft:polished_tuff_slab":1,"minecraft:cooked_chicken":5,"minecraft:glass_bottle":1,"minecraft:iron_sword":2,"minecraft:dark_oak_stairs":4,"minecraft:book":154,"minecraft:scaffolding":2,"chococraft:gysahl_green_seeds":104,"minecraft:blast_furnace":4,"minecraft:white_bed":2,"minecraft:spruce_log":21,"minecraft:polished_tuff":3,"minecraft:spider_eye":10,"minecraft:polished_diorite_stairs":1,"minecraft:diamond_shovel":1,"minecraft:polished_diorite":1,"minecraft:stone_axe":1,"chococraft:chocobo_whistle":2,"minecraft:diamond_axe":3,"minecraft:painting":10,"minecraft:baked_potato":10,"minecraft:dark_oak_wood":8,"minecraft:coal":208,"minecraft:chiseled_tuff_bricks":6},"minecraft:killed_by":{"minecraft:skeleton":1,"guardvillagers:guard":1},"minecraft:killed":{"minecraft:cave_spider":27,"minecraft:spider":27,"minecraft:skeleton":29,"minecraft:creeper":3,"minecraft:pillager":11,"minecraft:goat":1,"minecraft:zombie":7,"minecraft:stray":38,"minecraft:cow":11,"chococraft:chocobo":1,"minecraft:horse":3,"minecraft:rabbit":4,"minecraft:ravager":1,"minecraft:enderman":1},"minecraft:crafted":{"chococraft:chocobo_whistle":1,"travelersbackpack:crafting_upgrade":1,"minecraft:cooked_chicken":2,"minecraft:cooked_mutton":9,"minecraft:glass":13,"minecraft:iron_boots":1,"minecraft:chest":5,"minecraft:cooked_rabbit":1,"travelersbackpack:iron_tier_upgrade":1,"minecraft:cooked_porkchop":6,"minecraft:crafting_table":9,"minecraft:spruce_planks":136,"travelersbackpack:standard":4,"minecraft:iron_helmet":1,"minecraft:smithing_table":1,"chococraft:chocopedia":1,"minecraft:book":1,"minecraft:paper":3,"minecraft:shield":2,"minecraft:stick":4,"minecraft:iron_ingot":15,"minecraft:gold_ingot":18,"minecraft:shears":1,"chococraft:chocobo_saddle_pack":1,"minecraft:furnace":1,"minecraft:bone_meal":9,"travelersbackpack:blank_upgrade":8,"travelersbackpack:gold_tier_upgrade":1,"chococraft:chocobo_saddle_bags":1,"travelersbackpack:white_sleeping_bag":3,"travelersbackpack:furnace_upgrade":1,"minecraft:spruce_boat":1,"minecraft:dark_oak_planks":32,"travelersbackpack:diamond_tier_upgrade":1,"minecraft:wheat":390,"minecraft:cooked_beef":7,"travelersbackpack:backpack_tank":2,"minecraft:bucket":2,"minecraft:stone_axe":1,"minecraft:bread":132,"minecraft:air":1,"minecraft:golden_apple":1,"minecraft:iron_leggings":1,"chococraft:chocobo_saddle":2}},"DataVersion":3953}