{"stats":{"minecraft:mined":{"minecraft:scaffolding":2,"minecraft:crafting_table":4,"minecraft:torch":2,"minecraft:blast_furnace":2,"minecraft:short_grass":7,"minecraft:grass_block":3,"minecraft:melon":4,"minecraft:chest":1,"minecraft:campfire":15,"minecraft:polished_diorite":1,"minecraft:spruce_leaves":3,"minecraft:grindstone":1,"minecraft:blue_bed":1,"minecraft:hay_block":44,"minecraft:polished_diorite_stairs":1,"minecraft:furnace":1,"minecraft:iron_ore":6,"minecraft:spruce_log":13,"minecraft:stripped_spruce_log":8,"minecraft:gold_block":1,"minecraft:dark_oak_stairs":4,"minecraft:pointed_dripstone":6,"chococraft:gysahl_green":23,"minecraft:coal_ore":47,"minecraft:dirt_path":1,"minecraft:gravel":1,"minecraft:dirt":2,"minecraft:packed_ice":3,"minecraft:stone":27},"minecraft:custom":{"minecraft:interact_with_furnace":29,"minecraft:mob_kills":17,"minecraft:interact_with_crafting_table":12,"minecraft:tune_noteblock":5,"minecraft:interact_with_grindstone":1,"minecraft:eat_cake_slice":11,"minecraft:leave_game":4,"minecraft:time_since_death":61053,"minecraft:sleep_in_bed":4,"minecraft:time_since_rest":2957,"minecraft:sprint_one_cm":152712,"minecraft:damage_taken":697,"minecraft:walk_one_cm":185664,"minecraft:damage_blocked_by_shield":130,"minecraft:drop":25,"minecraft:damage_dealt":2577,"minecraft:play_noteblock":3,"minecraft:swim_one_cm":1265,"minecraft:fly_one_cm":350063,"minecraft:talked_to_villager":2,"minecraft:open_chest":28,"minecraft:crouch_one_cm":5725,"minecraft:play_time":61053,"minecraft:sneak_time":1503,"minecraft:walk_under_water_one_cm":920,"minecraft:boat_one_cm":28852,"minecraft:jump":1533,"minecraft:interact_with_blast_furnace":2,"minecraft:walk_on_water_one_cm":9328,"minecraft:total_world_time":61053,"minecraft:fall_one_cm":40484},"minecraft:used":{"minecraft:dark_oak_stairs":4,"minecraft:water_bucket":4,"minecraft:spruce_planks":5,"minecraft:shield":4,"minecraft:iron_sword":69,"minecraft:blue_bed":1,"minecraft:dirt":7,"farmersdelight:onion":2,"minecraft:crafting_table":5,"minecraft:blast_furnace":1,"minecraft:polished_diorite":1,"minecraft:spruce_boat":2,"minecraft:lava_bucket":1,"minecraft:bread":17,"minecraft:iron_pickaxe":95,"minecraft:stone_axe":34,"minecraft:bucket":6,"minecraft:polished_diorite_stairs":1,"minecraft:cooked_rabbit":1,"minecraft:pumpkin_pie":2,"minecraft:coarse_dirt":2},"minecraft:killed":{"minecraft:spider":2,"minecraft:rabbit":4,"minecraft:skeleton":2,"minecraft:goat":1,"minecraft:zombie":2,"minecraft:stray":1,"minecraft:cow":4,"minecraft:enderman":1},"minecraft:picked_up":{"minecraft:coarse_dirt":2,"chococraft:loverly_gysahl_green":1,"minecraft:charcoal":30,"minecraft:crafting_table":3,"minecraft:wheat":6,"minecraft:cooked_beef":2,"minecraft:chicken":2,"minecraft:leather":5,"minecraft:potato":1,"minecraft:gold_block":2,"minecraft:flint":1,"minecraft:dirt":7,"minecraft:blue_bed":1,"minecraft:string":1,"minecraft:flint_and_steel":1,"minecraft:cooked_mutton":1,"minecraft:item_frame":1,"chococraft:gysahl_green":48,"minecraft:apple":1,"minecraft:wheat_seeds":1,"minecraft:iron_ingot":10,"minecraft:rabbit_hide":2,"minecraft:spruce_planks":8,"minecraft:grindstone":1,"minecraft:beef":19,"minecraft:rabbit":1,"minecraft:melon_slice":23,"minecraft:chest":2,"minecraft:dark_oak_stairs":4,"minecraft:furnace":1,"minecraft:scaffolding":2,"minecraft:raw_iron":6,"minecraft:torch":2,"minecraft:porkchop":6,"minecraft:stone_button":1,"minecraft:stripped_spruce_log":7,"chococraft:gysahl_green_seeds":2,"minecraft:pointed_dripstone":21,"minecraft:blast_furnace":2,"minecraft:grass_block":1,"minecraft:spruce_log":13,"minecraft:spider_eye":1,"minecraft:stone_pressure_plate":1,"minecraft:polished_diorite_stairs":1,"minecraft:spruce_boat":2,"minecraft:polished_diorite":1,"minecraft:pumpkin_pie":2,"minecraft:hay_block":52,"minecraft:painting":5,"minecraft:bread":2,"minecraft:emerald":3,"minecraft:mutton":9,"minecraft:cod":5,"minecraft:coal":47,"minecraft:cobblestone":39},"minecraft:dropped":{"minecraft:iron_ingot":10,"minecraft:wheat_seeds":1,"minecraft:cobblestone":12,"chococraft:gysahl_green_seeds":2,"minecraft:saddle":1,"minecraft:grass_block":1,"minecraft:stick":2,"minecraft:flint_and_steel":1,"minecraft:emerald":7,"minecraft:flint":1,"minecraft:spruce_boat":1,"minecraft:stone_button":1,"minecraft:spruce_planks":8,"minecraft:chest":1,"minecraft:stone_pressure_plate":1,"minecraft:spider_eye":1,"minecraft:iron_pickaxe":1,"artifacts:feral_claws":1,"minecraft:scaffolding":2,"minecraft:string":1},"minecraft:crafted":{"minecraft:cooked_beef":7,"minecraft:cooked_porkchop":6,"minecraft:crafting_table":2,"minecraft:spruce_planks":80,"minecraft:cooked_chicken":2,"minecraft:bucket":1,"minecraft:stone_axe":1,"minecraft:bread":132,"minecraft:cooked_mutton":9,"minecraft:air":0,"minecraft:shield":1,"minecraft:stick":4,"minecraft:iron_ingot":6,"minecraft:gold_ingot":18,"minecraft:spruce_boat":1,"minecraft:cooked_rabbit":1,"minecraft:wheat":390}},"DataVersion":3953}