{"stats":{"minecraft:broken":{"minecraft:iron_boots":1,"minecraft:iron_leggings":1},"minecraft:used":{"minecraft:decorated_pot":12,"minecraft:chest":2,"minecraft:spruce_planks":5,"minecraft:shield":69,"minecraft:iron_sword":205,"minecraft:cooked_chicken":2,"minecraft:trial_key":8,"minecraft:iron_chestplate":1,"minecraft:torch":2,"minecraft:dirt":8,"minecraft:polished_diorite":1,"minecraft:spruce_boat":2,"minecraft:lava_bucket":1,"minecraft:iron_axe":30,"minecraft:golden_carrot":9,"minecraft:ominous_bottle":1,"minecraft:furnace":2,"minecraft:polished_diorite_stairs":1,"minecraft:acacia_wood":1,"minecraft:cooked_beef":9,"minecraft:cobbled_deepslate":4,"minecraft:cooked_mutton":10,"minecraft:dark_oak_stairs":4,"minecraft:water_bucket":31,"minecraft:oak_planks":4,"minecraft:diamond_axe":152,"minecraft:blue_bed":5,"minecraft:golden_apple":1,"farmersdelight:onion":2,"minecraft:crossbow":13,"minecraft:crafting_table":10,"minecraft:red_mushroom":1,"minecraft:blast_furnace":1,"minecraft:white_bed":1,"minecraft:diamond_pickaxe":7,"minecraft:ominous_trial_key":3,"minecraft:wind_charge":4,"minecraft:melon_slice":1,"minecraft:bread":64,"minecraft:iron_pickaxe":99,"minecraft:chiseled_tuff_bricks":2,"minecraft:stone_axe":76,"minecraft:potion":1,"travelersbackpack:standard":1,"minecraft:cobblestone":20,"minecraft:cooked_rabbit":1,"minecraft:bucket":33,"minecraft:pumpkin_pie":2,"minecraft:coarse_dirt":2,"minecraft:experience_bottle":1},"minecraft:custom":{"minecraft:mob_kills":132,"minecraft:interact_with_crafting_table":36,"minecraft:open_barrel":3,"minecraft:eat_cake_slice":11,"minecraft:leave_game":5,"minecraft:time_since_death":119423,"minecraft:climb_one_cm":4687,"minecraft:sprint_one_cm":408281,"minecraft:walk_one_cm":639246,"minecraft:damage_blocked_by_shield":1738,"minecraft:drop":165,"minecraft:play_noteblock":3,"minecraft:talked_to_villager":2,"minecraft:play_time":187947,"minecraft:deaths":1,"minecraft:sneak_time":5131,"minecraft:walk_under_water_one_cm":11143,"minecraft:boat_one_cm":28852,"minecraft:jump":3762,"minecraft:interact_with_blast_furnace":2,"minecraft:walk_on_water_one_cm":21973,"minecraft:total_world_time":187947,"minecraft:interact_with_furnace":45,"minecraft:tune_noteblock":5,"minecraft:raid_trigger":1,"minecraft:interact_with_grindstone":1,"minecraft:sleep_in_bed":7,"minecraft:time_since_rest":77009,"minecraft:waystone_activated":2,"minecraft:damage_taken":5528,"minecraft:damage_absorbed":40,"minecraft:damage_dealt":22174,"minecraft:swim_one_cm":13963,"minecraft:fly_one_cm":703372,"minecraft:open_chest":63,"minecraft:crouch_one_cm":17708,"minecraft:inspect_dispenser":2,"minecraft:fall_one_cm":108923},"minecraft:mined":{"minecraft:spruce_planks":2,"minecraft:white_bed":1,"minecraft:grass_block":4,"minecraft:decorated_pot":18,"minecraft:jungle_planks":2,"minecraft:polished_diorite":1,"minecraft:spruce_leaves":3,"minecraft:red_mushroom":1,"minecraft:tuff_bricks":1,"minecraft:hay_block":44,"minecraft:furnace":2,"minecraft:cobbled_deepslate":3,"minecraft:fire":6,"minecraft:iron_ore":6,"minecraft:polished_tuff":1,"minecraft:acacia_wood":1,"minecraft:stripped_spruce_log":8,"minecraft:dark_oak_stairs":4,"minecraft:gold_block":1,"chococraft:gysahl_green":35,"minecraft:pointed_dripstone":6,"minecraft:dirt_path":1,"minecraft:polished_tuff_slab":1,"minecraft:packed_ice":3,"minecraft:stone":27,"supplementaries:book_pile_horizontal":1,"minecraft:scaffolding":2,"minecraft:glass_pane":1,"minecraft:crafting_table":6,"minecraft:torch":2,"minecraft:short_grass":17,"minecraft:blast_furnace":2,"minecraft:melon":4,"minecraft:chest":2,"minecraft:campfire":15,"minecraft:tall_grass":2,"minecraft:cobblestone":2,"minecraft:red_glazed_terracotta":1,"minecraft:sugar_cane":7,"minecraft:grindstone":1,"minecraft:oak_planks":4,"minecraft:blue_bed":5,"supplementaries:urn":2,"minecraft:polished_diorite_stairs":1,"minecraft:spruce_log":13,"minecraft:coal_ore":47,"minecraft:flower_pot":1,"minecraft:sand":13,"minecraft:gravel":1,"minecraft:dirt":2,"minecraft:cobweb":17},"minecraft:killed":{"minecraft:cave_spider":27,"minecraft:spider":20,"minecraft:horse":2,"minecraft:skeleton":10,"minecraft:rabbit":4,"minecraft:creeper":3,"minecraft:pillager":11,"minecraft:goat":1,"minecraft:zombie":4,"minecraft:stray":35,"minecraft:enderman":1,"minecraft:cow":9,"chococraft:chocobo":1},"minecraft:picked_up":{"minecraft:iron_chestplate":3,"minecraft:crafting_table":5,"minecraft:charcoal":55,"chococraft:loverly_gysahl_green":3,"minecraft:coarse_dirt":2,"minecraft:wheat":6,"minecraft:ominous_bottle":2,"minecraft:chicken":2,"minecraft:potion":1,"minecraft:gold_block":2,"minecraft:enchanted_book":1,"minecraft:brick":6,"minecraft:wind_charge":28,"minecraft:string":49,"minecraft:iron_axe":1,"minecraft:flint_and_steel":2,"minecraft:compass":1,"minecraft:item_frame":1,"minecraft:cobbled_deepslate":4,"minecraft:bucket":1,"minecraft:spruce_planks":62,"minecraft:beef":38,"minecraft:trial_key":13,"minecraft:enchanted_golden_apple":2,"minecraft:iron_nugget":16,"minecraft:iron_pickaxe":2,"minecraft:melon_slice":69,"minecraft:sugar_cane":16,"minecraft:chest":3,"minecraft:furnace":4,"minecraft:tipped_arrow":42,"minecraft:raw_iron":6,"chococraft:chocobo_saddle_bags":1,"minecraft:green_bed":1,"minecraft:torch":15,"minecraft:porkchop":6,"minecraft:stone_button":1,"minecraft:pointed_dripstone":42,"minecraft:stone_pressure_plate":1,"minecraft:diamond_chestplate":2,"minecraft:arrow":102,"minecraft:honey_bottle":4,"minecraft:decorated_pot":12,"minecraft:pumpkin_pie":2,"farmersdelight:onion":12,"minecraft:shears":1,"supplementaries:antique_ink":1,"minecraft:hay_block":52,"minecraft:iron_block":2,"minecraft:flow_armor_trim_smithing_template":1,"supplementaries:ash":10,"minecraft:saddle":1,"minecraft:gold_ingot":21,"chococraft:chocobo_drumstick_raw":2,"minecraft:tuff_bricks":1,"minecraft:obsidian":15,"minecraft:mutton":9,"minecraft:skeleton_skull":1,"minecraft:cod":10,"minecraft:white_wool":18,"minecraft:cobblestone":68,"minecraft:cooked_beef":11,"minecraft:golden_carrot":11,"minecraft:leather":23,"minecraft:red_glazed_terracotta":1,"minecraft:red_mushroom":1,"minecraft:smoker":2,"minecraft:acacia_wood":1,"minecraft:potato":32,"minecraft:filled_map":4,"minecraft:flint":7,"minecraft:tuff":9,"minecraft:gunpowder":8,"minecraft:lapis_lazuli":19,"minecraft:paper":8,"minecraft:blue_bed":5,"minecraft:dirt":8,"minecraft:cooked_mutton":11,"minecraft:bone":31,"chococraft:chocobo_feather":7,"minecraft:glass":1,"chococraft:gysahl_green":122,"minecraft:apple":3,"minecraft:polished_tuff_slab":1,"minecraft:wheat_seeds":3,"minecraft:raw_gold":4,"minecraft:rabbit_hide":4,"minecraft:grindstone":2,"minecraft:iron_ingot":28,"minecraft:cooked_chicken":2,"minecraft:bolt_armor_trim_smithing_template":1,"minecraft:rabbit":1,"minecraft:oak_planks":4,"minecraft:iron_sword":1,"minecraft:dark_oak_stairs":4,"minecraft:book":2,"minecraft:scaffolding":2,"minecraft:cooked_porkchop":6,"minecraft:sand":13,"minecraft:stripped_spruce_log":7,"chococraft:gysahl_green_seeds":14,"minecraft:blast_furnace":4,"minecraft:white_bed":2,"minecraft:spruce_log":13,"minecraft:grass_block":1,"minecraft:polished_tuff":3,"minecraft:spider_eye":9,"travelersbackpack:white_sleeping_bag":1,"minecraft:polished_diorite_stairs":1,"minecraft:diamond":7,"minecraft:stone_axe":1,"minecraft:polished_diorite":1,"minecraft:spruce_boat":2,"chococraft:chocobo_whistle":1,"minecraft:diamond_axe":1,"minecraft:breeze_rod":3,"minecraft:crossbow":4,"minecraft:painting":10,"minecraft:golden_apple":1,"minecraft:emerald":35,"minecraft:bread":135,"minecraft:baked_potato":4,"minecraft:ominous_trial_key":7,"minecraft:chiseled_tuff_bricks":6,"minecraft:coal":113,"minecraft:diamond_pickaxe":1},"minecraft:killed_by":{"minecraft:skeleton":1},"minecraft:crafted":{"chococraft:chocobo_whistle":1,"minecraft:cooked_chicken":2,"minecraft:furnace":1,"minecraft:cooked_mutton":9,"chococraft:chocobo_saddle_bags":1,"minecraft:glass":13,"travelersbackpack:white_sleeping_bag":2,"minecraft:chest":3,"minecraft:spruce_boat":1,"minecraft:cooked_rabbit":1,"minecraft:wheat":390,"minecraft:cooked_beef":7,"minecraft:cooked_porkchop":6,"minecraft:crafting_table":6,"minecraft:spruce_planks":80,"travelersbackpack:backpack_tank":2,"travelersbackpack:standard":2,"chococraft:chocopedia":1,"minecraft:bucket":1,"minecraft:stone_axe":1,"minecraft:bread":132,"minecraft:air":0,"minecraft:book":1,"minecraft:paper":3,"minecraft:shield":1,"minecraft:stick":4,"minecraft:iron_ingot":15,"minecraft:gold_ingot":18,"chococraft:chocobo_saddle":2,"minecraft:shears":1},"minecraft:dropped":{"minecraft:enchanted_book":1,"minecraft:iron_ingot":10,"minecraft:bread":121,"minecraft:wheat_seeds":3,"minecraft:glass_bottle":1,"minecraft:crafting_table":1,"minecraft:crossbow":4,"minecraft:cobblestone":13,"minecraft:polished_tuff":3,"chococraft:gysahl_green_seeds":14,"minecraft:saddle":1,"travelersbackpack:standard":1,"minecraft:grass_block":1,"minecraft:coal":2,"minecraft:cod":5,"minecraft:stick":2,"minecraft:flint":4,"minecraft:emerald":26,"minecraft:iron_block":1,"minecraft:golden_carrot":2,"minecraft:stone_button":1,"minecraft:torch":1,"chococraft:chocobo_drumstick_raw":2,"minecraft:melon_slice":23,"farmersdelight:onion":12,"minecraft:iron_pickaxe":2,"artifacts:feral_claws":1,"minecraft:string":1,"minecraft:white_wool":6,"minecraft:bone":19,"minecraft:red_glazed_terracotta":1,"minecraft:furnace":3,"minecraft:stone_axe":1,"minecraft:tuff_bricks":1,"minecraft:iron_nugget":16,"minecraft:chiseled_tuff_bricks":4,"chococraft:chocobo_feather":1,"minecraft:polished_tuff_slab":1,"minecraft:tuff":9,"minecraft:grindstone":1,"minecraft:white_bed":1,"minecraft:shears":2,"minecraft:flint_and_steel":1,"minecraft:blast_furnace":1,"minecraft:filled_map":4,"supplementaries:ash":10,"minecraft:tipped_arrow":44,"minecraft:spruce_boat":1,"minecraft:trial_key":4,"minecraft:diamond_chestplate":1,"minecraft:spruce_planks":8,"minecraft:iron_chestplate":2,"minecraft:chest":1,"minecraft:breeze_rod":1,"minecraft:stone_pressure_plate":1,"minecraft:spider_eye":9,"minecraft:arrow":2,"minecraft:painting":5,"minecraft:glass":2,"minecraft:beef":19,"minecraft:raw_gold":4,"minecraft:scaffolding":2,"minecraft:brick":6}},"DataVersion":3953}