{"stats":{"minecraft:used":{"minecraft:chest":1,"minecraft:spruce_planks":5,"minecraft:shield":31,"minecraft:iron_sword":135,"minecraft:torch":1,"minecraft:dirt":7,"minecraft:polished_diorite":1,"minecraft:spruce_boat":2,"minecraft:lava_bucket":1,"minecraft:furnace":1,"minecraft:polished_diorite_stairs":1,"minecraft:acacia_wood":1,"minecraft:cooked_mutton":10,"minecraft:dark_oak_stairs":4,"minecraft:water_bucket":9,"minecraft:oak_planks":4,"minecraft:blue_bed":3,"farmersdelight:onion":2,"minecraft:crafting_table":7,"minecraft:blast_furnace":1,"minecraft:bread":26,"minecraft:iron_pickaxe":95,"minecraft:stone_axe":74,"minecraft:cobblestone":3,"minecraft:cooked_rabbit":1,"minecraft:bucket":11,"minecraft:pumpkin_pie":2,"minecraft:coarse_dirt":2,"minecraft:experience_bottle":1},"minecraft:custom":{"minecraft:mob_kills":47,"minecraft:interact_with_crafting_table":20,"minecraft:eat_cake_slice":11,"minecraft:leave_game":4,"minecraft:time_since_death":16529,"minecraft:climb_one_cm":917,"minecraft:sprint_one_cm":210940,"minecraft:walk_one_cm":268348,"minecraft:damage_blocked_by_shield":883,"minecraft:drop":36,"minecraft:play_noteblock":3,"minecraft:talked_to_villager":2,"minecraft:play_time":85053,"minecraft:deaths":1,"minecraft:sneak_time":1639,"minecraft:walk_under_water_one_cm":2465,"minecraft:boat_one_cm":28852,"minecraft:jump":2250,"minecraft:interact_with_blast_furnace":2,"minecraft:walk_on_water_one_cm":12548,"minecraft:total_world_time":85053,"minecraft:interact_with_furnace":30,"minecraft:tune_noteblock":5,"minecraft:interact_with_grindstone":1,"minecraft:sleep_in_bed":5,"minecraft:time_since_rest":863,"minecraft:damage_taken":1929,"minecraft:damage_dealt":8118,"minecraft:swim_one_cm":1265,"minecraft:fly_one_cm":500409,"minecraft:open_chest":33,"minecraft:crouch_one_cm":6229,"minecraft:fall_one_cm":61747},"minecraft:mined":{"minecraft:spruce_planks":2,"minecraft:grass_block":3,"minecraft:jungle_planks":2,"minecraft:polished_diorite":1,"minecraft:spruce_leaves":3,"minecraft:hay_block":44,"minecraft:furnace":1,"minecraft:iron_ore":6,"minecraft:acacia_wood":1,"minecraft:stripped_spruce_log":8,"minecraft:dark_oak_stairs":4,"minecraft:gold_block":1,"chococraft:gysahl_green":23,"minecraft:pointed_dripstone":6,"minecraft:dirt_path":1,"minecraft:packed_ice":3,"minecraft:stone":27,"minecraft:scaffolding":2,"minecraft:crafting_table":4,"minecraft:torch":2,"minecraft:short_grass":14,"minecraft:blast_furnace":2,"minecraft:melon":4,"minecraft:chest":1,"minecraft:campfire":15,"minecraft:grindstone":1,"minecraft:oak_planks":4,"minecraft:blue_bed":4,"minecraft:polished_diorite_stairs":1,"minecraft:spruce_log":13,"minecraft:coal_ore":47,"minecraft:gravel":1,"minecraft:dirt":2,"minecraft:cobweb":2},"minecraft:killed":{"minecraft:spider":6,"minecraft:horse":2,"minecraft:skeleton":9,"minecraft:rabbit":4,"minecraft:creeper":3,"minecraft:pillager":7,"minecraft:goat":1,"minecraft:zombie":4,"minecraft:stray":1,"minecraft:enderman":1,"minecraft:cow":8},"minecraft:picked_up":{"minecraft:crafting_table":3,"minecraft:charcoal":55,"chococraft:loverly_gysahl_green":1,"minecraft:coarse_dirt":2,"minecraft:wheat":6,"minecraft:chicken":2,"minecraft:gold_block":2,"minecraft:string":7,"minecraft:flint_and_steel":2,"minecraft:item_frame":1,"minecraft:bucket":1,"minecraft:spruce_planks":62,"minecraft:beef":37,"minecraft:iron_pickaxe":1,"minecraft:melon_slice":46,"minecraft:chest":2,"minecraft:furnace":1,"minecraft:raw_iron":6,"minecraft:torch":4,"minecraft:porkchop":6,"minecraft:stone_button":1,"minecraft:pointed_dripstone":42,"minecraft:stone_pressure_plate":1,"minecraft:arrow":25,"minecraft:pumpkin_pie":2,"minecraft:hay_block":52,"minecraft:gold_ingot":20,"chococraft:chocobo_drumstick_raw":1,"minecraft:obsidian":15,"minecraft:mutton":9,"minecraft:cod":10,"minecraft:cobblestone":63,"minecraft:cooked_beef":11,"minecraft:golden_carrot":11,"minecraft:leather":21,"minecraft:acacia_wood":1,"minecraft:potato":32,"minecraft:flint":1,"minecraft:gunpowder":8,"minecraft:blue_bed":4,"minecraft:dirt":7,"minecraft:cooked_mutton":11,"chococraft:chocobo_feather":6,"chococraft:gysahl_green":90,"minecraft:apple":3,"minecraft:wheat_seeds":3,"minecraft:rabbit_hide":4,"minecraft:grindstone":2,"minecraft:iron_ingot":20,"minecraft:cooked_chicken":2,"minecraft:rabbit":1,"minecraft:oak_planks":4,"minecraft:iron_sword":1,"minecraft:dark_oak_stairs":4,"minecraft:scaffolding":2,"minecraft:cooked_porkchop":6,"minecraft:stripped_spruce_log":7,"chococraft:gysahl_green_seeds":2,"minecraft:blast_furnace":4,"minecraft:spruce_log":13,"minecraft:grass_block":1,"minecraft:spider_eye":2,"minecraft:polished_diorite_stairs":1,"minecraft:diamond":1,"minecraft:stone_axe":1,"minecraft:polished_diorite":1,"minecraft:spruce_boat":2,"chococraft:chocobo_whistle":1,"minecraft:painting":10,"minecraft:emerald":3,"minecraft:bread":65,"minecraft:coal":107},"minecraft:killed_by":{"minecraft:skeleton":1},"minecraft:crafted":{"chococraft:chocobo_whistle":1,"minecraft:cooked_chicken":2,"minecraft:cooked_mutton":9,"minecraft:chest":1,"minecraft:spruce_boat":1,"minecraft:cooked_rabbit":1,"minecraft:wheat":390,"minecraft:cooked_beef":7,"minecraft:cooked_porkchop":6,"minecraft:crafting_table":4,"minecraft:spruce_planks":80,"minecraft:bucket":1,"minecraft:stone_axe":1,"minecraft:bread":132,"minecraft:air":0,"minecraft:shield":1,"minecraft:stick":4,"minecraft:iron_ingot":6,"minecraft:gold_ingot":18,"chococraft:chocobo_saddle":1},"minecraft:dropped":{"minecraft:iron_ingot":10,"minecraft:bread":64,"minecraft:wheat_seeds":3,"minecraft:cobblestone":12,"chococraft:gysahl_green_seeds":2,"minecraft:saddle":1,"minecraft:grass_block":1,"minecraft:cod":5,"minecraft:stick":2,"minecraft:flint":1,"minecraft:emerald":7,"minecraft:stone_button":1,"chococraft:chocobo_drumstick_raw":1,"minecraft:iron_pickaxe":1,"artifacts:feral_claws":1,"minecraft:string":1,"chococraft:chocobo_feather":1,"minecraft:flint_and_steel":1,"minecraft:blast_furnace":1,"minecraft:spruce_boat":1,"minecraft:spruce_planks":8,"minecraft:chest":1,"minecraft:stone_pressure_plate":1,"minecraft:spider_eye":2,"minecraft:painting":5,"minecraft:beef":18,"minecraft:scaffolding":2}},"DataVersion":3953}