{"stats":{"minecraft:dropped":{"minecraft:grass_block":1,"minecraft:chest":1,"minecraft:stone_pressure_plate":1,"minecraft:spider_eye":1,"minecraft:iron_pickaxe":1,"artifacts:feral_claws":1,"minecraft:scaffolding":2,"minecraft:string":1},"minecraft:mined":{"minecraft:scaffolding":2,"minecraft:crafting_table":3,"minecraft:torch":2,"minecraft:short_grass":3,"minecraft:blast_furnace":1,"minecraft:grass_block":2,"minecraft:melon":4,"minecraft:chest":1,"minecraft:campfire":15,"minecraft:polished_diorite":1,"minecraft:spruce_leaves":3,"minecraft:grindstone":1,"minecraft:polished_diorite_stairs":1,"minecraft:hay_block":14,"minecraft:furnace":1,"minecraft:iron_ore":6,"minecraft:spruce_log":1,"minecraft:stripped_spruce_log":2,"minecraft:dark_oak_stairs":4,"minecraft:coal_ore":39,"minecraft:dirt_path":1,"minecraft:gravel":1,"minecraft:dirt":2,"minecraft:packed_ice":3,"minecraft:stone":15},"minecraft:custom":{"minecraft:interact_with_furnace":27,"minecraft:mob_kills":2,"minecraft:interact_with_crafting_table":5,"minecraft:tune_noteblock":5,"minecraft:eat_cake_slice":10,"minecraft:interact_with_grindstone":1,"minecraft:leave_game":3,"minecraft:time_since_death":35336,"minecraft:sleep_in_bed":2,"minecraft:time_since_rest":23019,"minecraft:sprint_one_cm":76578,"minecraft:damage_taken":402,"minecraft:walk_one_cm":103690,"minecraft:drop":9,"minecraft:damage_dealt":480,"minecraft:play_noteblock":3,"minecraft:swim_one_cm":1265,"minecraft:talked_to_villager":2,"minecraft:fly_one_cm":137774,"minecraft:open_chest":22,"minecraft:crouch_one_cm":3170,"minecraft:play_time":35336,"minecraft:sneak_time":873,"minecraft:walk_under_water_one_cm":920,"minecraft:jump":609,"minecraft:walk_on_water_one_cm":1419,"minecraft:total_world_time":35336,"minecraft:fall_one_cm":17035},"minecraft:crafted":{"minecraft:cooked_beef":7,"minecraft:cooked_porkchop":6,"minecraft:crafting_table":1,"minecraft:spruce_planks":12,"minecraft:cooked_chicken":2,"minecraft:bucket":1,"minecraft:stone_axe":1,"minecraft:cooked_mutton":9,"minecraft:bread":21,"minecraft:air":0,"minecraft:shield":1,"minecraft:stick":4,"minecraft:cooked_rabbit":1,"minecraft:wheat":63},"minecraft:killed":{"minecraft:spider":1,"minecraft:enderman":1},"minecraft:picked_up":{"minecraft:charcoal":30,"minecraft:crafting_table":3,"minecraft:cooked_beef":2,"minecraft:chicken":2,"minecraft:potato":1,"minecraft:gold_block":1,"minecraft:flint":1,"minecraft:string":1,"minecraft:dirt":6,"minecraft:cooked_mutton":1,"minecraft:item_frame":1,"minecraft:apple":1,"minecraft:grindstone":1,"minecraft:beef":12,"minecraft:rabbit":1,"minecraft:melon_slice":23,"minecraft:chest":2,"minecraft:dark_oak_stairs":4,"minecraft:furnace":1,"minecraft:scaffolding":2,"minecraft:raw_iron":6,"minecraft:torch":2,"minecraft:porkchop":6,"minecraft:stripped_spruce_log":2,"minecraft:blast_furnace":1,"minecraft:grass_block":1,"minecraft:spruce_log":1,"minecraft:spider_eye":1,"minecraft:stone_pressure_plate":1,"minecraft:polished_diorite_stairs":1,"minecraft:polished_diorite":1,"minecraft:pumpkin_pie":2,"minecraft:hay_block":14,"minecraft:painting":5,"minecraft:emerald":1,"minecraft:bread":2,"minecraft:mutton":9,"minecraft:cod":5,"minecraft:coal":39,"minecraft:cobblestone":15},"minecraft:used":{"minecraft:dark_oak_stairs":4,"minecraft:water_bucket":1,"minecraft:iron_sword":14,"farmersdelight:onion":2,"minecraft:dirt":6,"minecraft:crafting_table":3,"minecraft:polished_diorite":1,"minecraft:bread":6,"minecraft:iron_pickaxe":67,"minecraft:stone_axe":15,"minecraft:bucket":2,"minecraft:cooked_rabbit":1,"minecraft:polished_diorite_stairs":1,"minecraft:pumpkin_pie":1}},"DataVersion":3953}