{"stats":{"minecraft:used":{"minecraft:decorated_pot":10,"minecraft:chest":2,"minecraft:spruce_planks":5,"minecraft:shield":41,"minecraft:iron_sword":195,"minecraft:cooked_chicken":2,"minecraft:trial_key":3,"minecraft:iron_chestplate":1,"minecraft:torch":2,"minecraft:dirt":7,"minecraft:polished_diorite":1,"minecraft:spruce_boat":2,"minecraft:lava_bucket":1,"minecraft:iron_axe":30,"minecraft:golden_carrot":7,"minecraft:furnace":2,"minecraft:polished_diorite_stairs":1,"minecraft:acacia_wood":1,"minecraft:cooked_beef":9,"minecraft:cooked_mutton":10,"minecraft:dark_oak_stairs":4,"minecraft:water_bucket":24,"minecraft:oak_planks":4,"minecraft:diamond_axe":6,"minecraft:blue_bed":5,"farmersdelight:onion":2,"minecraft:crafting_table":10,"minecraft:blast_furnace":1,"minecraft:melon_slice":1,"minecraft:bread":31,"minecraft:iron_pickaxe":99,"minecraft:chiseled_tuff_bricks":2,"minecraft:stone_axe":76,"travelersbackpack:standard":1,"minecraft:cobblestone":18,"minecraft:cooked_rabbit":1,"minecraft:bucket":26,"minecraft:pumpkin_pie":2,"minecraft:coarse_dirt":2,"minecraft:experience_bottle":1},"minecraft:custom":{"minecraft:mob_kills":74,"minecraft:interact_with_crafting_table":35,"minecraft:open_barrel":2,"minecraft:eat_cake_slice":11,"minecraft:leave_game":4,"minecraft:time_since_death":64529,"minecraft:climb_one_cm":1093,"minecraft:sprint_one_cm":300274,"minecraft:walk_one_cm":416240,"minecraft:damage_blocked_by_shield":1113,"minecraft:drop":94,"minecraft:play_noteblock":3,"minecraft:talked_to_villager":2,"minecraft:play_time":133053,"minecraft:deaths":1,"minecraft:sneak_time":2931,"minecraft:walk_under_water_one_cm":9569,"minecraft:boat_one_cm":28852,"minecraft:jump":2940,"minecraft:interact_with_blast_furnace":2,"minecraft:walk_on_water_one_cm":17545,"minecraft:total_world_time":133053,"minecraft:interact_with_furnace":41,"minecraft:tune_noteblock":5,"minecraft:interact_with_grindstone":1,"minecraft:sleep_in_bed":7,"minecraft:time_since_rest":22115,"minecraft:waystone_activated":1,"minecraft:damage_taken":3698,"minecraft:damage_dealt":13395,"minecraft:swim_one_cm":10194,"minecraft:fly_one_cm":624881,"minecraft:open_chest":51,"minecraft:crouch_one_cm":10640,"minecraft:fall_one_cm":85870},"minecraft:mined":{"minecraft:spruce_planks":2,"minecraft:grass_block":3,"minecraft:decorated_pot":16,"minecraft:jungle_planks":2,"minecraft:polished_diorite":1,"minecraft:spruce_leaves":3,"minecraft:hay_block":44,"minecraft:furnace":2,"minecraft:iron_ore":6,"minecraft:acacia_wood":1,"minecraft:stripped_spruce_log":8,"minecraft:dark_oak_stairs":4,"minecraft:gold_block":1,"chococraft:gysahl_green":35,"minecraft:pointed_dripstone":6,"minecraft:dirt_path":1,"minecraft:packed_ice":3,"minecraft:stone":27,"minecraft:scaffolding":2,"minecraft:crafting_table":6,"minecraft:torch":2,"minecraft:short_grass":17,"minecraft:blast_furnace":2,"minecraft:melon":4,"minecraft:chest":2,"minecraft:campfire":15,"minecraft:tall_grass":2,"minecraft:cobblestone":2,"minecraft:sugar_cane":7,"minecraft:grindstone":1,"minecraft:oak_planks":4,"minecraft:blue_bed":5,"supplementaries:urn":1,"minecraft:polished_diorite_stairs":1,"minecraft:spruce_log":13,"minecraft:coal_ore":47,"minecraft:flower_pot":1,"minecraft:sand":13,"minecraft:gravel":1,"minecraft:dirt":2,"minecraft:cobweb":8},"minecraft:killed":{"minecraft:cave_spider":7,"minecraft:spider":18,"minecraft:horse":2,"minecraft:skeleton":10,"minecraft:rabbit":4,"minecraft:creeper":3,"minecraft:pillager":11,"minecraft:goat":1,"minecraft:zombie":4,"minecraft:stray":2,"minecraft:enderman":1,"minecraft:cow":9,"chococraft:chocobo":1},"minecraft:picked_up":{"minecraft:iron_chestplate":2,"minecraft:crafting_table":5,"minecraft:charcoal":55,"chococraft:loverly_gysahl_green":3,"minecraft:coarse_dirt":2,"minecraft:wheat":6,"minecraft:ominous_bottle":1,"minecraft:chicken":2,"minecraft:gold_block":2,"minecraft:enchanted_book":1,"minecraft:brick":6,"minecraft:wind_charge":2,"minecraft:string":22,"minecraft:iron_axe":1,"minecraft:flint_and_steel":2,"minecraft:compass":1,"minecraft:item_frame":1,"minecraft:bucket":1,"minecraft:spruce_planks":62,"minecraft:beef":38,"minecraft:trial_key":8,"minecraft:iron_nugget":16,"minecraft:iron_pickaxe":2,"minecraft:melon_slice":69,"minecraft:sugar_cane":16,"minecraft:chest":3,"minecraft:furnace":4,"minecraft:tipped_arrow":6,"minecraft:raw_iron":6,"chococraft:chocobo_saddle_bags":1,"minecraft:green_bed":1,"minecraft:torch":15,"minecraft:porkchop":6,"minecraft:stone_button":1,"minecraft:pointed_dripstone":42,"minecraft:stone_pressure_plate":1,"minecraft:arrow":66,"minecraft:decorated_pot":11,"minecraft:pumpkin_pie":2,"farmersdelight:onion":12,"minecraft:shears":1,"minecraft:hay_block":52,"minecraft:saddle":1,"minecraft:gold_ingot":21,"chococraft:chocobo_drumstick_raw":2,"minecraft:obsidian":15,"minecraft:mutton":9,"minecraft:skeleton_skull":1,"minecraft:cod":10,"minecraft:white_wool":18,"minecraft:cobblestone":65,"minecraft:cooked_beef":11,"minecraft:golden_carrot":11,"minecraft:leather":23,"minecraft:smoker":2,"minecraft:acacia_wood":1,"minecraft:potato":32,"minecraft:filled_map":4,"minecraft:flint":4,"minecraft:tuff":9,"minecraft:gunpowder":8,"minecraft:lapis_lazuli":19,"minecraft:paper":8,"minecraft:blue_bed":5,"minecraft:dirt":7,"minecraft:cooked_mutton":11,"minecraft:bone":12,"chococraft:chocobo_feather":7,"minecraft:glass":1,"chococraft:gysahl_green":122,"minecraft:apple":3,"minecraft:wheat_seeds":3,"minecraft:raw_gold":4,"minecraft:rabbit_hide":4,"minecraft:grindstone":2,"minecraft:iron_ingot":28,"minecraft:cooked_chicken":2,"minecraft:rabbit":1,"minecraft:oak_planks":4,"minecraft:iron_sword":1,"minecraft:dark_oak_stairs":4,"minecraft:scaffolding":2,"minecraft:cooked_porkchop":6,"minecraft:sand":13,"minecraft:stripped_spruce_log":7,"chococraft:gysahl_green_seeds":14,"minecraft:blast_furnace":4,"minecraft:spruce_log":13,"minecraft:grass_block":1,"minecraft:polished_tuff":2,"minecraft:spider_eye":2,"travelersbackpack:white_sleeping_bag":1,"minecraft:polished_diorite_stairs":1,"minecraft:diamond":1,"minecraft:stone_axe":1,"minecraft:polished_diorite":1,"minecraft:spruce_boat":2,"chococraft:chocobo_whistle":1,"minecraft:diamond_axe":1,"minecraft:breeze_rod":3,"minecraft:crossbow":3,"minecraft:painting":10,"minecraft:golden_apple":1,"minecraft:emerald":17,"minecraft:bread":66,"minecraft:chiseled_tuff_bricks":6,"minecraft:coal":113,"minecraft:diamond_pickaxe":1},"minecraft:killed_by":{"minecraft:skeleton":1},"minecraft:crafted":{"chococraft:chocobo_whistle":1,"minecraft:cooked_chicken":2,"minecraft:furnace":1,"minecraft:cooked_mutton":9,"chococraft:chocobo_saddle_bags":1,"minecraft:glass":13,"travelersbackpack:white_sleeping_bag":2,"minecraft:chest":3,"minecraft:spruce_boat":1,"minecraft:cooked_rabbit":1,"minecraft:wheat":390,"minecraft:cooked_beef":7,"minecraft:cooked_porkchop":6,"minecraft:crafting_table":6,"minecraft:spruce_planks":80,"travelersbackpack:backpack_tank":2,"travelersbackpack:standard":2,"chococraft:chocopedia":1,"minecraft:bucket":1,"minecraft:stone_axe":1,"minecraft:bread":132,"minecraft:air":0,"minecraft:book":1,"minecraft:paper":3,"minecraft:shield":1,"minecraft:stick":4,"minecraft:iron_ingot":6,"minecraft:gold_ingot":18,"chococraft:chocobo_saddle":2,"minecraft:shears":1},"minecraft:dropped":{"minecraft:iron_ingot":10,"minecraft:bread":64,"minecraft:wheat_seeds":3,"minecraft:crossbow":3,"minecraft:cobblestone":12,"minecraft:polished_tuff":2,"chococraft:gysahl_green_seeds":14,"minecraft:saddle":1,"travelersbackpack:standard":1,"minecraft:grass_block":1,"minecraft:coal":2,"minecraft:cod":5,"minecraft:stick":2,"minecraft:flint":1,"minecraft:emerald":7,"minecraft:golden_carrot":2,"minecraft:stone_button":1,"minecraft:torch":1,"chococraft:chocobo_drumstick_raw":2,"minecraft:melon_slice":23,"farmersdelight:onion":12,"minecraft:iron_pickaxe":2,"artifacts:feral_claws":1,"minecraft:string":1,"minecraft:white_wool":6,"minecraft:stone_axe":1,"minecraft:chiseled_tuff_bricks":4,"chococraft:chocobo_feather":1,"minecraft:tuff":9,"minecraft:grindstone":1,"minecraft:shears":1,"minecraft:flint_and_steel":1,"minecraft:blast_furnace":1,"minecraft:filled_map":4,"minecraft:spruce_boat":1,"minecraft:trial_key":3,"minecraft:spruce_planks":8,"minecraft:iron_chestplate":1,"minecraft:chest":1,"minecraft:breeze_rod":1,"minecraft:stone_pressure_plate":1,"minecraft:spider_eye":2,"minecraft:painting":5,"minecraft:glass":2,"minecraft:beef":19,"minecraft:scaffolding":2,"minecraft:brick":6}},"DataVersion":3953}