{"stats":{"minecraft:killed":{"minecraft:cave_spider":23,"minecraft:witch":1,"minecraft:spider":20,"minecraft:skeleton":2,"minecraft:pillager":3,"minecraft:zombie":2,"minecraft:stray":55,"minecraft:cow":8,"minecraft:vindicator":1,"minecraft:breeze":6,"minecraft:player":1,"minecraft:enderman":1},"minecraft:picked_up":{"chococraft:loverly_gysahl_green":3,"minecraft:flower_pot":1,"minecraft:smithing_table":1,"minecraft:diamond_sword":2,"minecraft:potion":14,"minecraft:enchanted_book":4,"minecraft:string":178,"minecraft:waxed_cut_copper_slab":1,"minecraft:beetroot_soup":2,"minecraft:gold_nugget":17,"minecraft:cobbled_deepslate":165,"minecraft:spruce_planks":43,"minecraft:trial_key":20,"minecraft:iron_pickaxe":5,"minecraft:furnace":5,"minecraft:tipped_arrow":55,"minecraft:spruce_pressure_plate":3,"minecraft:beehive":1,"minecraft:torch":10,"minecraft:green_bed":1,"minecraft:waxed_copper_grate":6,"minecraft:brown_carpet":1,"minecraft:rotten_flesh":5,"minecraft:honey_bottle":2,"farmersdelight:onion":15,"supplementaries:antique_ink":4,"minecraft:iron_block":1,"supplementaries:ash":18,"minecraft:snowball":36,"minecraft:cobblestone":191,"minecraft:cooked_beef":7,"minecraft:water_bucket":2,"minecraft:andesite":6,"minecraft:smoker":3,"minecraft:potato":88,"minecraft:flint":3,"minecraft:tuff":26,"minecraft:dirt":45,"minecraft:lapis_lazuli":10,"minecraft:bone":110,"travelersbackpack:backpack_tank":1,"minecraft:bow":2,"minecraft:wheat_seeds":1,"minecraft:fletching_table":1,"minecraft:scrape_pottery_sherd":1,"minecraft:waxed_chiseled_copper":1,"minecraft:sand":28,"minecraft:stripped_spruce_log":1,"minecraft:grass_block":1,"travelersbackpack:white_sleeping_bag":1,"minecraft:diamond":4,"waystones:waystone":3,"minecraft:breeze_rod":10,"minecraft:crossbow":8,"minecraft:granite":2,"minecraft:golden_apple":1,"minecraft:bread":8,"minecraft:emerald":65,"minecraft:chainmail_helmet":1,"minecraft:music_disc_precipice":2,"minecraft:bricks":1,"minecraft:ominous_trial_key":11,"minecraft:diamond_pickaxe":3,"minecraft:crafting_table":8,"minecraft:ominous_bottle":7,"minecraft:shield":1,"minecraft:brick":33,"minecraft:wind_charge":64,"minecraft:wooden_sword":1,"artifacts:feral_claws":1,"minecraft:beef":15,"minecraft:chiseled_tuff":1,"minecraft:egg":1,"minecraft:raw_iron":9,"minecraft:mace":3,"minecraft:redstone":7,"minecraft:music_disc_creator_music_box":2,"minecraft:arrow":138,"minecraft:decorated_pot":8,"minecraft:hay_block":6,"minecraft:saddle":1,"minecraft:tuff_bricks":33,"minecraft:skeleton_skull":1,"minecraft:white_wool":7,"minecraft:golden_carrot":8,"minecraft:leather":18,"minecraft:red_glazed_terracotta":2,"minecraft:red_mushroom":2,"minecraft:filled_map":1,"minecraft:waxed_copper_block":7,"minecraft:jungle_button":1,"minecraft:paper":8,"minecraft:white_banner":5,"minecraft:cooked_mutton":2,"chococraft:gysahl_green":51,"minecraft:light_blue_banner":1,"minecraft:apple":1,"minecraft:iron_ingot":79,"minecraft:polished_tuff_slab":1,"minecraft:cooked_chicken":1,"minecraft:iron_sword":2,"minecraft:dark_oak_stairs":2,"minecraft:book":72,"minecraft:emerald_block":1,"minecraft:heavy_core":1,"chococraft:gysahl_green_seeds":8,"minecraft:spruce_log":16,"minecraft:polished_tuff":6,"minecraft:spider_eye":27,"minecraft:diamond_shovel":1,"minecraft:diamond_axe":5,"minecraft:baked_potato":16,"minecraft:coal":61,"minecraft:chiseled_tuff_bricks":7,"minecraft:ender_pearl":2},"minecraft:crafted":{"minecraft:mace":1,"minecraft:glass":22,"minecraft:iron_boots":1,"minecraft:chest":1,"travelersbackpack:iron_tier_upgrade":1,"minecraft:emerald":9,"minecraft:crafting_table":2,"minecraft:spruce_planks":64,"minecraft:baked_potato":36,"minecraft:wooden_pickaxe":1,"minecraft:iron_helmet":1,"travelersbackpack:standard":2,"minecraft:smithing_table":1,"minecraft:iron_chestplate":1,"minecraft:shield":3,"minecraft:stick":36,"minecraft:iron_ingot":25,"minecraft:wind_charge":12,"minecraft:furnace":4,"travelersbackpack:blank_upgrade":4,"travelersbackpack:white_sleeping_bag":2,"minecraft:stone_pickaxe":1,"minecraft:wheat":54,"minecraft:cooked_beef":8,"travelersbackpack:backpack_tank":2,"minecraft:stone_axe":1,"minecraft:bread":18,"minecraft:air":0,"minecraft:white_wool":10,"minecraft:iron_leggings":1,"minecraft:torch":68},"minecraft:used":{"minecraft:decorated_pot":2,"minecraft:shield":114,"minecraft:iron_sword":243,"minecraft:beehive":1,"minecraft:snowball":36,"minecraft:bricks":1,"minecraft:bow":86,"minecraft:ominous_bottle":1,"minecraft:jungle_button":1,"minecraft:furnace":6,"minecraft:skeleton_skull":1,"minecraft:egg":1,"minecraft:stone_pickaxe":46,"minecraft:wooden_pickaxe":3,"minecraft:diamond_axe":83,"minecraft:golden_apple":1,"minecraft:crossbow":17,"minecraft:mace":1,"minecraft:bread":37,"minecraft:diamond_sword":17,"minecraft:smithing_table":1,"chococraft:gysahl_green":11,"minecraft:cooked_chicken":1,"minecraft:trial_key":9,"minecraft:torch":46,"minecraft:dirt":35,"minecraft:golden_carrot":6,"minecraft:cooked_beef":4,"minecraft:cobbled_deepslate":104,"minecraft:beetroot_soup":1,"minecraft:water_bucket":11,"minecraft:baked_potato":36,"farmersdelight:onion":4,"minecraft:crafting_table":9,"minecraft:smoker":1,"minecraft:polished_tuff_slab":1,"minecraft:diamond_pickaxe":63,"minecraft:apple":1,"minecraft:ominous_trial_key":3,"minecraft:wind_charge":15,"minecraft:iron_pickaxe":121,"minecraft:map":1,"travelersbackpack:white_sleeping_bag":1,"minecraft:spruce_pressure_plate":2,"minecraft:stone_axe":24,"minecraft:cobblestone":83,"minecraft:white_banner":1,"minecraft:bucket":11},"minecraft:killed_by":{"minecraft:vindicator":1},"minecraft:dropped":{"minecraft:iron_sword":2,"chococraft:loverly_gysahl_green":3,"minecraft:diamond_axe":1,"minecraft:lapis_lazuli":10,"minecraft:cooked_beef":3,"minecraft:baked_potato":16,"minecraft:decorated_pot":6,"minecraft:crossbow":7,"minecraft:leather":9,"minecraft:fletching_table":1,"minecraft:saddle":1,"minecraft:red_mushroom":2,"minecraft:flint":3,"minecraft:dirt":6,"minecraft:mace":2,"minecraft:scrape_pottery_sherd":1,"minecraft:gold_nugget":17,"farmersdelight:onion":12,"minecraft:wooden_sword":1,"minecraft:sand":6,"minecraft:iron_pickaxe":6,"travelersbackpack:backpack_tank":1,"minecraft:white_wool":7,"minecraft:gold_ingot":1,"minecraft:bone":58,"minecraft:waxed_cut_copper_slab":1,"minecraft:red_glazed_terracotta":2,"minecraft:stone_axe":1,"minecraft:compass":1,"minecraft:chiseled_tuff_bricks":7,"minecraft:cobbled_deepslate":65,"minecraft:rotten_flesh":5,"minecraft:diamond_shovel":2,"minecraft:cooked_mutton":2,"minecraft:honey_bottle":2,"minecraft:waxed_copper_block":7,"supplementaries:antique_ink":4,"minecraft:wind_charge":54,"supplementaries:ash":12,"minecraft:tipped_arrow":28,"minecraft:spruce_pressure_plate":1,"minecraft:arrow":39,"minecraft:chiseled_tuff":1,"minecraft:beef":7,"minecraft:enchanted_book":2,"minecraft:water_bucket":1,"minecraft:iron_ingot":19,"minecraft:bread":11,"minecraft:stripped_spruce_log":1,"minecraft:wheat_seeds":1,"minecraft:iron_helmet":2,"minecraft:cobblestone":55,"minecraft:book":72,"minecraft:waxed_copper_grate":6,"minecraft:polished_tuff":6,"chococraft:gysahl_green_seeds":7,"minecraft:ominous_trial_key":8,"minecraft:chainmail_helmet":1,"minecraft:coal":14,"minecraft:stick":6,"minecraft:torch":11,"minecraft:potion":1,"minecraft:iron_leggings":1,"minecraft:white_banner":4,"minecraft:iron_axe":1,"artifacts:feral_claws":1,"minecraft:paper":8,"minecraft:string":40,"minecraft:beetroot_soup":2,"minecraft:redstone":7,"minecraft:furnace":2,"minecraft:tuff_bricks":33,"minecraft:bowl":1,"minecraft:green_bed":1,"minecraft:tuff":24,"minecraft:raw_iron":5,"minecraft:iron_boots":1,"minecraft:smoker":2,"minecraft:filled_map":2,"minecraft:flower_pot":1,"minecraft:trial_key":11,"minecraft:diamond_pickaxe":2,"minecraft:iron_chestplate":1,"minecraft:spider_eye":27,"minecraft:waxed_chiseled_copper":1,"minecraft:wooden_pickaxe":1,"minecraft:raw_gold":4,"waystones:waystone":2,"chococraft:gysahl_green":1,"minecraft:brick":33},"minecraft:custom":{"minecraft:interact_with_crafting_table":29,"minecraft:open_barrel":9,"minecraft:bell_ring":4,"minecraft:eat_cake_slice":1,"minecraft:leave_game":2,"minecraft:time_since_death":31540,"minecraft:sprint_one_cm":715756,"minecraft:damage_blocked_by_shield":2770,"minecraft:drop":190,"minecraft:talked_to_villager":5,"minecraft:play_time":216689,"minecraft:deaths":1,"minecraft:jump":3715,"minecraft:walk_on_water_one_cm":29726,"minecraft:interact_with_furnace":71,"minecraft:sleep_in_bed":5,"minecraft:waystone_activated":4,"minecraft:damage_dealt":18904,"minecraft:player_kills":1,"minecraft:crouch_one_cm":25522,"minecraft:interact_with_smoker":14,"minecraft:inspect_dispenser":9,"minecraft:interact_with_smithing_table":3,"minecraft:mob_kills":128,"minecraft:damage_dealt_resisted":44,"minecraft:climb_one_cm":9908,"minecraft:walk_one_cm":741229,"minecraft:raid_win":1,"minecraft:sneak_time":7940,"minecraft:walk_under_water_one_cm":3296,"minecraft:total_world_time":216689,"minecraft:tune_noteblock":12,"minecraft:time_since_rest":2536,"minecraft:damage_taken":4199,"minecraft:damage_absorbed":39,"minecraft:swim_one_cm":2049,"minecraft:fly_one_cm":711806,"minecraft:open_chest":62,"minecraft:fall_one_cm":88891},"minecraft:broken":{"minecraft:iron_sword":1},"minecraft:mined":{"minecraft:spruce_planks":1,"minecraft:grass_block":6,"minecraft:chiseled_tuff_bricks":4,"minecraft:tuff_bricks":12,"minecraft:iron_ore":6,"minecraft:cobbled_deepslate":3,"minecraft:fire":1,"minecraft:polished_tuff":1,"minecraft:fletching_table":1,"minecraft:dark_oak_stairs":2,"chococraft:gysahl_green":22,"minecraft:dirt_path":3,"minecraft:spruce_pressure_plate":2,"minecraft:green_bed":1,"minecraft:smoker":2,"minecraft:cobblestone":23,"minecraft:waxed_chiseled_copper":1,"minecraft:bricks":1,"minecraft:wall_torch":2,"minecraft:waxed_copper_block":4,"minecraft:sand":6,"minecraft:dirt":17,"minecraft:deepslate":61,"minecraft:tuff":6,"farmersdelight:onions":6,"minecraft:decorated_pot":12,"travelersbackpack:white_sleeping_bag":1,"minecraft:spruce_leaves":4,"minecraft:hay_block":6,"minecraft:light_blue_wall_banner":1,"minecraft:furnace":5,"minecraft:waxed_copper_grate":7,"minecraft:gold_block":1,"minecraft:chiseled_tuff":1,"minecraft:bookshelf":11,"minecraft:potatoes":27,"minecraft:deepslate_iron_ore":7,"minecraft:cobblestone_slab":1,"minecraft:stone":90,"minecraft:smithing_table":1,"minecraft:crafting_table":8,"minecraft:short_grass":5,"supplementaries:urn":4,"minecraft:beehive":1,"minecraft:ice":1,"minecraft:spruce_log":17,"minecraft:coal_ore":29,"minecraft:cobweb":7}},"DataVersion":3953}