{"stats":{"minecraft:used":{"minecraft:shield":17,"minecraft:iron_sword":58,"minecraft:torch":36,"minecraft:dirt":33,"minecraft:beehive":1,"minecraft:snowball":36,"minecraft:bricks":1,"minecraft:jungle_button":1,"minecraft:furnace":3,"minecraft:skeleton_skull":1,"minecraft:cobbled_deepslate":18,"minecraft:beetroot_soup":1,"minecraft:stone_pickaxe":46,"minecraft:baked_potato":15,"minecraft:wooden_pickaxe":3,"farmersdelight:onion":4,"minecraft:crafting_table":4,"minecraft:smoker":1,"minecraft:apple":1,"minecraft:bread":13,"minecraft:iron_pickaxe":109,"minecraft:map":1,"minecraft:spruce_pressure_plate":2,"minecraft:stone_axe":24},"minecraft:custom":{"minecraft:mob_kills":10,"minecraft:interact_with_crafting_table":12,"minecraft:open_barrel":4,"minecraft:eat_cake_slice":1,"minecraft:leave_game":1,"minecraft:time_since_death":102418,"minecraft:climb_one_cm":509,"minecraft:sprint_one_cm":318414,"minecraft:walk_one_cm":359385,"minecraft:damage_blocked_by_shield":585,"minecraft:drop":49,"minecraft:talked_to_villager":4,"minecraft:play_time":102418,"minecraft:sneak_time":3890,"minecraft:walk_under_water_one_cm":2833,"minecraft:jump":1815,"minecraft:walk_on_water_one_cm":23252,"minecraft:total_world_time":102418,"minecraft:interact_with_furnace":25,"minecraft:tune_noteblock":12,"minecraft:sleep_in_bed":2,"minecraft:time_since_rest":53249,"minecraft:waystone_activated":2,"minecraft:damage_taken":916,"minecraft:damage_dealt":3444,"minecraft:fly_one_cm":344280,"minecraft:swim_one_cm":2049,"minecraft:open_chest":26,"minecraft:crouch_one_cm":11844,"minecraft:interact_with_smoker":14,"minecraft:fall_one_cm":42718,"minecraft:inspect_dispenser":3},"minecraft:mined":{"minecraft:tuff":5,"minecraft:spruce_planks":1,"farmersdelight:onions":6,"minecraft:grass_block":4,"minecraft:decorated_pot":2,"minecraft:spruce_leaves":3,"minecraft:chiseled_tuff_bricks":3,"minecraft:tuff_bricks":9,"minecraft:hay_block":6,"minecraft:light_blue_wall_banner":1,"minecraft:furnace":3,"minecraft:iron_ore":6,"minecraft:fletching_table":1,"minecraft:gold_block":1,"minecraft:dark_oak_stairs":2,"minecraft:bookshelf":11,"minecraft:potatoes":21,"minecraft:deepslate_iron_ore":7,"minecraft:cobblestone_slab":1,"minecraft:dirt_path":1,"minecraft:spruce_pressure_plate":2,"minecraft:stone":43,"minecraft:green_bed":1,"minecraft:smoker":2,"minecraft:crafting_table":4,"minecraft:short_grass":5,"minecraft:bricks":1,"minecraft:wall_torch":2,"supplementaries:urn":1,"minecraft:beehive":1,"minecraft:spruce_log":9,"minecraft:waxed_copper_block":3,"minecraft:coal_ore":13,"minecraft:dirt":15,"minecraft:deepslate":60},"minecraft:killed":{"minecraft:skeleton":1,"minecraft:zombie":2,"minecraft:stray":2,"minecraft:breeze":2,"minecraft:enderman":1},"minecraft:picked_up":{"minecraft:crafting_table":4,"chococraft:loverly_gysahl_green":2,"minecraft:brick":2,"minecraft:wooden_sword":1,"artifacts:feral_claws":1,"minecraft:beetroot_soup":2,"minecraft:cobbled_deepslate":161,"minecraft:spruce_planks":43,"minecraft:iron_pickaxe":3,"minecraft:furnace":3,"minecraft:spruce_pressure_plate":3,"minecraft:beehive":1,"minecraft:raw_iron":9,"minecraft:torch":2,"minecraft:green_bed":1,"minecraft:rotten_flesh":5,"minecraft:arrow":4,"minecraft:decorated_pot":4,"farmersdelight:onion":12,"supplementaries:antique_ink":2,"minecraft:hay_block":6,"minecraft:tuff_bricks":26,"minecraft:cobblestone":44,"minecraft:snowball":36,"minecraft:skeleton_skull":1,"minecraft:cooked_beef":2,"minecraft:andesite":6,"minecraft:smoker":3,"minecraft:potato":65,"minecraft:filled_map":1,"minecraft:tuff":26,"minecraft:waxed_copper_block":6,"minecraft:jungle_button":1,"minecraft:dirt":41,"minecraft:lapis_lazuli":10,"minecraft:cooked_mutton":2,"chococraft:gysahl_green":1,"minecraft:light_blue_banner":1,"minecraft:apple":1,"minecraft:wheat_seeds":1,"minecraft:iron_ingot":26,"minecraft:fletching_table":1,"minecraft:dark_oak_stairs":2,"minecraft:book":36,"minecraft:stripped_spruce_log":1,"chococraft:gysahl_green_seeds":1,"minecraft:spruce_log":9,"minecraft:grass_block":1,"minecraft:polished_tuff":4,"minecraft:spider_eye":1,"minecraft:diamond":2,"minecraft:breeze_rod":3,"minecraft:granite":2,"minecraft:bread":3,"minecraft:emerald":2,"minecraft:chainmail_helmet":1,"minecraft:baked_potato":8,"minecraft:bricks":1,"minecraft:coal":23,"minecraft:chiseled_tuff_bricks":6,"minecraft:ender_pearl":1},"minecraft:crafted":{"minecraft:furnace":1,"minecraft:iron_boots":1,"minecraft:stone_pickaxe":1,"minecraft:wheat":54,"minecraft:crafting_table":1,"minecraft:spruce_planks":36,"minecraft:wooden_pickaxe":1,"minecraft:baked_potato":23,"minecraft:iron_helmet":1,"minecraft:stone_axe":1,"minecraft:bread":18,"minecraft:air":0,"minecraft:iron_chestplate":1,"minecraft:shield":2,"minecraft:stick":32,"minecraft:iron_ingot":16,"minecraft:iron_leggings":1,"minecraft:torch":52},"minecraft:dropped":{"minecraft:iron_ingot":19,"minecraft:bread":3,"minecraft:stripped_spruce_log":1,"chococraft:loverly_gysahl_green":2,"minecraft:wheat_seeds":1,"minecraft:lapis_lazuli":1,"minecraft:cooked_beef":2,"minecraft:baked_potato":16,"minecraft:decorated_pot":4,"minecraft:iron_helmet":1,"minecraft:polished_tuff":2,"minecraft:fletching_table":1,"minecraft:chainmail_helmet":1,"minecraft:dirt":4,"minecraft:torch":3,"minecraft:wooden_sword":1,"minecraft:iron_pickaxe":3,"artifacts:feral_claws":1,"minecraft:beetroot_soup":1,"minecraft:stone_axe":1,"minecraft:tuff_bricks":13,"minecraft:chiseled_tuff_bricks":3,"minecraft:bowl":1,"minecraft:tuff":15,"minecraft:rotten_flesh":5,"minecraft:diamond_shovel":1,"minecraft:cooked_mutton":2,"minecraft:waxed_copper_block":3,"minecraft:filled_map":2,"minecraft:diamond_pickaxe":1,"minecraft:spruce_pressure_plate":1,"minecraft:spider_eye":1,"minecraft:wooden_pickaxe":1,"chococraft:gysahl_green":1,"minecraft:brick":2}},"DataVersion":3953}