{"stats":{"minecraft:used":{"minecraft:decorated_pot":2,"minecraft:shield":89,"minecraft:iron_sword":233,"minecraft:cooked_chicken":1,"minecraft:trial_key":9,"minecraft:torch":43,"minecraft:dirt":33,"minecraft:beehive":1,"minecraft:snowball":36,"minecraft:bricks":1,"minecraft:golden_carrot":2,"minecraft:bow":7,"minecraft:jungle_button":1,"minecraft:furnace":4,"minecraft:skeleton_skull":1,"minecraft:cobbled_deepslate":100,"minecraft:beetroot_soup":1,"minecraft:water_bucket":3,"minecraft:stone_pickaxe":46,"minecraft:baked_potato":23,"minecraft:wooden_pickaxe":3,"minecraft:diamond_axe":11,"minecraft:golden_apple":1,"farmersdelight:onion":4,"minecraft:crafting_table":5,"minecraft:crossbow":17,"minecraft:smoker":1,"minecraft:diamond_pickaxe":1,"minecraft:apple":1,"minecraft:bread":29,"minecraft:iron_pickaxe":121,"minecraft:map":1,"minecraft:spruce_pressure_plate":2,"minecraft:stone_axe":24,"minecraft:cobblestone":3,"minecraft:bucket":3},"minecraft:custom":{"minecraft:mob_kills":78,"minecraft:interact_with_crafting_table":13,"minecraft:open_barrel":9,"minecraft:eat_cake_slice":1,"minecraft:leave_game":1,"minecraft:time_since_death":150418,"minecraft:climb_one_cm":5086,"minecraft:sprint_one_cm":467052,"minecraft:walk_one_cm":545924,"minecraft:damage_blocked_by_shield":2000,"minecraft:drop":116,"minecraft:talked_to_villager":4,"minecraft:play_time":150418,"minecraft:sneak_time":5873,"minecraft:walk_under_water_one_cm":2833,"minecraft:jump":2369,"minecraft:walk_on_water_one_cm":25841,"minecraft:total_world_time":150418,"minecraft:interact_with_furnace":39,"minecraft:tune_noteblock":12,"minecraft:sleep_in_bed":2,"minecraft:time_since_rest":101249,"minecraft:waystone_activated":3,"minecraft:damage_taken":2247,"minecraft:damage_absorbed":39,"minecraft:damage_dealt":13103,"minecraft:fly_one_cm":394544,"minecraft:swim_one_cm":2049,"minecraft:open_chest":41,"minecraft:crouch_one_cm":19826,"minecraft:interact_with_smoker":14,"minecraft:fall_one_cm":55540,"minecraft:inspect_dispenser":7},"minecraft:mined":{"minecraft:tuff":6,"minecraft:spruce_planks":1,"farmersdelight:onions":6,"minecraft:grass_block":4,"minecraft:decorated_pot":12,"minecraft:spruce_leaves":3,"minecraft:chiseled_tuff_bricks":4,"minecraft:tuff_bricks":9,"minecraft:hay_block":6,"minecraft:light_blue_wall_banner":1,"minecraft:furnace":3,"minecraft:waxed_copper_grate":3,"minecraft:iron_ore":6,"minecraft:cobbled_deepslate":1,"minecraft:fletching_table":1,"minecraft:gold_block":1,"minecraft:dark_oak_stairs":2,"minecraft:chiseled_tuff":1,"minecraft:bookshelf":11,"minecraft:potatoes":21,"minecraft:deepslate_iron_ore":7,"minecraft:cobblestone_slab":1,"minecraft:dirt_path":1,"minecraft:spruce_pressure_plate":2,"minecraft:stone":43,"minecraft:green_bed":1,"minecraft:smoker":2,"minecraft:crafting_table":4,"minecraft:short_grass":5,"minecraft:cobblestone":4,"minecraft:waxed_chiseled_copper":1,"minecraft:bricks":1,"minecraft:wall_torch":2,"supplementaries:urn":4,"minecraft:beehive":1,"minecraft:spruce_log":9,"minecraft:waxed_copper_block":4,"minecraft:coal_ore":13,"minecraft:dirt":15,"minecraft:cobweb":7,"minecraft:deepslate":61},"minecraft:killed":{"minecraft:cave_spider":17,"minecraft:spider":14,"minecraft:skeleton":1,"minecraft:zombie":2,"minecraft:stray":32,"minecraft:breeze":6,"minecraft:enderman":1},"minecraft:picked_up":{"minecraft:crafting_table":4,"chococraft:loverly_gysahl_green":2,"minecraft:ominous_bottle":3,"minecraft:flower_pot":1,"minecraft:potion":4,"minecraft:enchanted_book":3,"minecraft:shield":1,"minecraft:brick":29,"minecraft:wind_charge":3,"minecraft:string":51,"minecraft:wooden_sword":1,"artifacts:feral_claws":1,"minecraft:beetroot_soup":2,"minecraft:gold_nugget":17,"minecraft:cobbled_deepslate":162,"minecraft:spruce_planks":43,"minecraft:trial_key":20,"minecraft:chiseled_tuff":1,"minecraft:iron_pickaxe":3,"minecraft:furnace":3,"minecraft:tipped_arrow":43,"minecraft:spruce_pressure_plate":3,"minecraft:beehive":1,"minecraft:raw_iron":9,"minecraft:torch":2,"minecraft:green_bed":1,"minecraft:waxed_copper_grate":2,"minecraft:music_disc_creator_music_box":1,"minecraft:honey_bottle":2,"minecraft:rotten_flesh":5,"minecraft:arrow":68,"minecraft:decorated_pot":8,"farmersdelight:onion":15,"supplementaries:antique_ink":2,"minecraft:hay_block":6,"minecraft:saddle":1,"supplementaries:ash":12,"minecraft:tuff_bricks":26,"minecraft:cobblestone":111,"minecraft:snowball":36,"minecraft:skeleton_skull":1,"minecraft:cooked_beef":4,"minecraft:golden_carrot":6,"minecraft:andesite":6,"minecraft:red_mushroom":2,"minecraft:smoker":3,"minecraft:potato":65,"minecraft:filled_map":1,"minecraft:flint":3,"minecraft:tuff":26,"minecraft:waxed_copper_block":7,"minecraft:jungle_button":1,"minecraft:dirt":41,"minecraft:lapis_lazuli":10,"minecraft:paper":8,"minecraft:cooked_mutton":2,"minecraft:bone":37,"chococraft:gysahl_green":1,"minecraft:light_blue_banner":1,"minecraft:apple":1,"minecraft:bow":1,"minecraft:wheat_seeds":1,"minecraft:iron_ingot":48,"minecraft:cooked_chicken":1,"minecraft:fletching_table":1,"minecraft:scrape_pottery_sherd":1,"minecraft:dark_oak_stairs":2,"minecraft:book":36,"minecraft:waxed_chiseled_copper":1,"minecraft:stripped_spruce_log":1,"chococraft:gysahl_green_seeds":1,"minecraft:spruce_log":9,"minecraft:grass_block":1,"minecraft:polished_tuff":4,"minecraft:spider_eye":16,"minecraft:diamond":2,"minecraft:diamond_axe":1,"minecraft:crossbow":4,"minecraft:breeze_rod":7,"minecraft:granite":2,"minecraft:golden_apple":1,"minecraft:bread":7,"minecraft:emerald":29,"minecraft:chainmail_helmet":1,"minecraft:music_disc_precipice":1,"minecraft:baked_potato":10,"minecraft:ominous_trial_key":3,"minecraft:bricks":1,"minecraft:coal":31,"minecraft:chiseled_tuff_bricks":7,"minecraft:diamond_pickaxe":1,"minecraft:ender_pearl":1},"minecraft:crafted":{"minecraft:wind_charge":12,"minecraft:furnace":2,"minecraft:iron_boots":1,"minecraft:stone_pickaxe":1,"minecraft:wheat":54,"minecraft:crafting_table":1,"minecraft:spruce_planks":36,"minecraft:wooden_pickaxe":1,"minecraft:baked_potato":36,"minecraft:iron_helmet":1,"minecraft:stone_axe":1,"minecraft:bread":18,"minecraft:air":0,"minecraft:iron_chestplate":1,"minecraft:shield":3,"minecraft:stick":32,"minecraft:iron_ingot":16,"minecraft:iron_leggings":1,"minecraft:torch":52},"minecraft:dropped":{"minecraft:enchanted_book":2,"minecraft:iron_ingot":19,"minecraft:bread":11,"minecraft:stripped_spruce_log":1,"chococraft:loverly_gysahl_green":2,"minecraft:wheat_seeds":1,"minecraft:lapis_lazuli":10,"minecraft:cooked_beef":2,"minecraft:baked_potato":16,"minecraft:decorated_pot":6,"minecraft:crossbow":4,"minecraft:cobblestone":30,"minecraft:iron_helmet":1,"minecraft:waxed_copper_grate":2,"minecraft:polished_tuff":4,"minecraft:fletching_table":1,"minecraft:saddle":1,"minecraft:ominous_trial_key":1,"minecraft:chainmail_helmet":1,"minecraft:coal":8,"minecraft:red_mushroom":2,"minecraft:stick":6,"minecraft:flint":3,"minecraft:dirt":4,"minecraft:torch":3,"minecraft:scrape_pottery_sherd":1,"minecraft:gold_nugget":17,"farmersdelight:onion":12,"minecraft:wooden_sword":1,"minecraft:iron_axe":1,"minecraft:iron_pickaxe":4,"artifacts:feral_claws":1,"minecraft:paper":8,"minecraft:string":7,"minecraft:gold_ingot":1,"minecraft:beetroot_soup":2,"minecraft:bone":31,"minecraft:furnace":2,"minecraft:stone_axe":1,"minecraft:compass":1,"minecraft:tuff_bricks":26,"minecraft:chiseled_tuff_bricks":7,"minecraft:cobbled_deepslate":62,"minecraft:bowl":1,"minecraft:green_bed":1,"minecraft:tuff":24,"minecraft:raw_iron":5,"minecraft:rotten_flesh":5,"minecraft:smoker":2,"minecraft:diamond_shovel":1,"minecraft:cooked_mutton":2,"minecraft:honey_bottle":2,"minecraft:waxed_copper_block":7,"minecraft:filled_map":2,"supplementaries:ash":12,"minecraft:tipped_arrow":17,"minecraft:flower_pot":1,"minecraft:trial_key":11,"minecraft:diamond_pickaxe":1,"minecraft:spruce_pressure_plate":1,"minecraft:spider_eye":16,"minecraft:arrow":39,"minecraft:chiseled_tuff":1,"minecraft:wooden_pickaxe":1,"minecraft:raw_gold":4,"chococraft:gysahl_green":1,"minecraft:brick":29}},"DataVersion":3953}