{"stats":{"minecraft:mined":{"minecraft:crafting_table":2,"minecraft:grass_block":4,"minecraft:spruce_leaves":3,"minecraft:furnace":1,"minecraft:beehive":1,"minecraft:iron_ore":4,"minecraft:spruce_log":9,"minecraft:dark_oak_stairs":2,"minecraft:gold_block":1,"minecraft:potatoes":5,"minecraft:coal_ore":13,"minecraft:dirt_path":1,"minecraft:spruce_pressure_plate":2,"minecraft:dirt":10,"minecraft:stone":30},"minecraft:used":{"minecraft:stone_pickaxe":45,"minecraft:baked_potato":3,"minecraft:wooden_pickaxe":3,"minecraft:iron_sword":13,"minecraft:torch":4,"minecraft:dirt":20,"minecraft:crafting_table":2,"minecraft:beehive":1,"minecraft:snowball":36,"minecraft:apple":1,"minecraft:bread":8,"minecraft:iron_pickaxe":1,"minecraft:spruce_pressure_plate":2,"minecraft:stone_axe":7,"minecraft:jungle_button":1,"minecraft:furnace":1,"minecraft:beetroot_soup":1},"minecraft:custom":{"minecraft:interact_with_furnace":5,"minecraft:mob_kills":2,"minecraft:interact_with_crafting_table":4,"minecraft:tune_noteblock":12,"minecraft:eat_cake_slice":1,"minecraft:leave_game":1,"minecraft:time_since_death":48418,"minecraft:sleep_in_bed":1,"minecraft:time_since_rest":14029,"minecraft:sprint_one_cm":143266,"minecraft:damage_taken":309,"minecraft:walk_one_cm":135877,"minecraft:drop":18,"minecraft:damage_dealt":536,"minecraft:talked_to_villager":4,"minecraft:fly_one_cm":169761,"minecraft:open_chest":17,"minecraft:crouch_one_cm":5682,"minecraft:play_time":48418,"minecraft:sneak_time":1921,"minecraft:walk_under_water_one_cm":544,"minecraft:jump":800,"minecraft:walk_on_water_one_cm":9381,"minecraft:total_world_time":48418,"minecraft:fall_one_cm":20517},"minecraft:killed":{"minecraft:zombie":1,"minecraft:stray":1},"minecraft:picked_up":{"minecraft:crafting_table":2,"minecraft:cooked_beef":2,"minecraft:andesite":6,"minecraft:potato":32,"minecraft:jungle_button":1,"minecraft:dirt":27,"artifacts:feral_claws":1,"minecraft:cooked_mutton":2,"chococraft:gysahl_green":1,"minecraft:apple":1,"minecraft:iron_pickaxe":3,"minecraft:dark_oak_stairs":2,"minecraft:furnace":1,"minecraft:spruce_pressure_plate":3,"minecraft:beehive":1,"minecraft:raw_iron":2,"minecraft:stripped_spruce_log":1,"chococraft:gysahl_green_seeds":1,"minecraft:spruce_log":9,"minecraft:arrow":2,"minecraft:rotten_flesh":1,"minecraft:bread":3,"minecraft:coal":21,"minecraft:snowball":36,"minecraft:cobblestone":27},"minecraft:crafted":{"minecraft:crafting_table":1,"minecraft:spruce_planks":36,"minecraft:wooden_pickaxe":1,"minecraft:baked_potato":4,"minecraft:stone_axe":1,"minecraft:air":0,"minecraft:stick":8,"minecraft:stone_pickaxe":1,"minecraft:torch":8},"minecraft:dropped":{"minecraft:iron_ingot":2,"minecraft:bread":3,"minecraft:stripped_spruce_log":1,"minecraft:cooked_beef":2,"minecraft:bowl":1,"minecraft:iron_helmet":1,"minecraft:rotten_flesh":1,"minecraft:cooked_mutton":2,"minecraft:torch":3,"minecraft:spruce_pressure_plate":1,"minecraft:wooden_pickaxe":1,"minecraft:iron_pickaxe":3,"artifacts:feral_claws":1}},"DataVersion":3953}