{"stats":{"minecraft:custom":{"minecraft:interact_with_crafting_table":42,"minecraft:open_barrel":36,"minecraft:bell_ring":4,"minecraft:eat_cake_slice":1,"minecraft:leave_game":5,"minecraft:time_since_death":264,"minecraft:sprint_one_cm":1115318,"minecraft:damage_blocked_by_shield":13621,"minecraft:drop":239,"minecraft:talked_to_villager":9,"minecraft:play_time":330184,"minecraft:deaths":5,"minecraft:jump":5538,"minecraft:walk_on_water_one_cm":45059,"minecraft:interact_with_furnace":143,"minecraft:interact_with_cartography_table":1,"minecraft:sleep_in_bed":6,"minecraft:waystone_activated":5,"minecraft:damage_dealt":34452,"minecraft:player_kills":1,"minecraft:crouch_one_cm":41671,"minecraft:interact_with_smoker":15,"minecraft:inspect_dispenser":9,"minecraft:interact_with_smithing_table":10,"minecraft:mob_kills":223,"minecraft:damage_dealt_resisted":44,"minecraft:climb_one_cm":12739,"minecraft:walk_one_cm":1145106,"minecraft:raid_win":1,"minecraft:sneak_time":12942,"minecraft:walk_under_water_one_cm":13379,"minecraft:total_world_time":330184,"minecraft:tune_noteblock":12,"minecraft:interact_with_grindstone":1,"minecraft:time_since_rest":395,"minecraft:damage_taken":8808,"minecraft:damage_absorbed":39,"minecraft:swim_one_cm":18224,"minecraft:fly_one_cm":988299,"minecraft:open_chest":103,"minecraft:fall_one_cm":124729},"minecraft:mined":{"minecraft:spruce_planks":4,"minecraft:granite":5,"minecraft:budding_amethyst":1,"minecraft:grass_block":8,"waystones:waystone":1,"minecraft:chiseled_tuff_bricks":4,"minecraft:tuff_bricks":12,"minecraft:spawner":4,"minecraft:iron_ore":6,"minecraft:cobbled_deepslate":12,"minecraft:fire":1,"minecraft:polished_tuff":1,"minecraft:fletching_table":1,"minecraft:deepslate_lapis_ore":6,"minecraft:dark_oak_stairs":2,"chococraft:gysahl_green":22,"minecraft:dirt_path":3,"easyanvils:minecraft/damaged_anvil":1,"minecraft:spruce_pressure_plate":2,"easyanvils:minecraft/anvil":1,"minecraft:green_bed":1,"minecraft:deepslate_redstone_ore":8,"minecraft:cyan_terracotta":3,"minecraft:smoker":2,"minecraft:amethyst_cluster":5,"minecraft:cobblestone":28,"minecraft:oak_planks":4,"minecraft:waxed_chiseled_copper":1,"minecraft:bricks":1,"minecraft:wall_torch":4,"minecraft:amethyst_block":1,"minecraft:waxed_copper_block":4,"minecraft:smooth_stone_slab":1,"minecraft:sand":6,"minecraft:dirt":17,"minecraft:smooth_quartz":1,"minecraft:oak_leaves":1,"minecraft:deepslate":253,"minecraft:tuff":41,"farmersdelight:onions":6,"minecraft:deepslate_diamond_ore":28,"minecraft:decorated_pot":20,"travelersbackpack:white_sleeping_bag":3,"minecraft:cherry_wood":8,"minecraft:spruce_leaves":4,"minecraft:cartography_table":1,"minecraft:hay_block":9,"minecraft:light_blue_wall_banner":1,"minecraft:furnace":11,"minecraft:waxed_copper_grate":7,"minecraft:gold_block":1,"minecraft:chiseled_tuff":1,"minecraft:bookshelf":11,"minecraft:potatoes":27,"minecraft:deepslate_iron_ore":9,"minecraft:cobblestone_slab":1,"minecraft:stone":123,"minecraft:pink_glazed_terracotta":2,"minecraft:smithing_table":2,"minecraft:scaffolding":1,"minecraft:dandelion":1,"minecraft:crafting_table":11,"minecraft:short_grass":5,"minecraft:tall_grass":1,"minecraft:deepslate_coal_ore":4,"minecraft:deepslate_gold_ore":33,"supplementaries:urn":9,"minecraft:beehive":1,"minecraft:ice":1,"minecraft:spruce_log":17,"minecraft:white_wall_banner":1,"minecraft:coal_ore":30,"minecraft:cherry_leaves":1,"minecraft:cobweb":153},"minecraft:used":{"minecraft:decorated_pot":2,"minecraft:shield":147,"minecraft:iron_sword":243,"morevanillashields:obsidian_shield":45,"minecraft:tuff":36,"minecraft:beehive":1,"minecraft:snowball":36,"minecraft:cyan_terracotta":3,"minecraft:bricks":1,"minecraft:bow":153,"minecraft:ominous_bottle":1,"minecraft:jungle_button":1,"minecraft:furnace":12,"minecraft:skeleton_skull":1,"minecraft:egg":3,"minecraft:stone_pickaxe":46,"minecraft:wooden_pickaxe":3,"minecraft:diamond_axe":214,"minecraft:golden_apple":1,"minecraft:crossbow":17,"minecraft:shears":91,"waystones:waystone":1,"minecraft:mace":11,"minecraft:bread":59,"minecraft:diamond_sword":174,"minecraft:smithing_table":2,"chococraft:gysahl_green":11,"minecraft:cobweb":60,"minecraft:spruce_planks":2,"minecraft:trial_key":9,"minecraft:cooked_chicken":4,"minecraft:torch":108,"minecraft:dirt":36,"minecraft:golden_carrot":6,"minecraft:cooked_beef":19,"minecraft:cobbled_deepslate":224,"minecraft:beetroot_soup":1,"minecraft:water_bucket":42,"minecraft:amethyst_block":1,"minecraft:baked_potato":60,"minecraft:cartography_table":1,"farmersdelight:onion":4,"minecraft:crafting_table":12,"minecraft:smoker":1,"minecraft:polished_tuff_slab":1,"minecraft:diamond_pickaxe":313,"minecraft:apple":4,"minecraft:ominous_trial_key":3,"minecraft:wind_charge":15,"minecraft:iron_pickaxe":121,"minecraft:map":1,"travelersbackpack:white_sleeping_bag":4,"minecraft:spruce_pressure_plate":2,"minecraft:stone_axe":24,"morevanillashields:amethyst_shield":30,"minecraft:cobblestone":101,"minecraft:potion":4,"travelersbackpack:standard":1,"minecraft:white_banner":1,"minecraft:bucket":42},"minecraft:dropped":{"minecraft:iron_sword":2,"chococraft:loverly_gysahl_green":3,"minecraft:diamond_axe":1,"minecraft:lapis_lazuli":10,"minecraft:cooked_beef":4,"minecraft:baked_potato":16,"minecraft:ender_pearl":1,"minecraft:glass_bottle":2,"minecraft:decorated_pot":6,"minecraft:crossbow":7,"minecraft:leather":9,"minecraft:fletching_table":1,"minecraft:saddle":1,"travelersbackpack:standard":1,"minecraft:red_mushroom":2,"minecraft:flint":3,"minecraft:dirt":6,"minecraft:mace":2,"minecraft:mutton":1,"minecraft:scrape_pottery_sherd":1,"minecraft:gold_nugget":17,"farmersdelight:onion":12,"minecraft:wooden_sword":1,"minecraft:amethyst_shard":1,"minecraft:sand":6,"minecraft:iron_pickaxe":6,"travelersbackpack:backpack_tank":1,"minecraft:pink_glazed_terracotta":2,"minecraft:white_wool":7,"minecraft:armor_stand":1,"minecraft:bone":84,"minecraft:gold_ingot":1,"minecraft:waxed_cut_copper_slab":1,"minecraft:red_glazed_terracotta":2,"minecraft:stone_axe":1,"minecraft:compass":1,"minecraft:chiseled_tuff_bricks":7,"minecraft:cobbled_deepslate":77,"minecraft:pointed_dripstone":1,"minecraft:rotten_flesh":12,"minecraft:oak_planks":4,"minecraft:diamond_shovel":2,"minecraft:cooked_mutton":2,"minecraft:honey_bottle":2,"minecraft:carrot":1,"minecraft:waxed_copper_block":7,"supplementaries:antique_ink":4,"minecraft:wind_charge":54,"minecraft:leather_chestplate":1,"supplementaries:ash":19,"minecraft:tipped_arrow":30,"minecraft:gunpowder":2,"minecraft:spruce_pressure_plate":1,"minecraft:chiseled_tuff":1,"minecraft:arrow":43,"minecraft:beef":7,"minecraft:scaffolding":1,"minecraft:enchanted_book":2,"minecraft:water_bucket":2,"minecraft:iron_ingot":19,"minecraft:bread":11,"minecraft:stripped_spruce_log":1,"minecraft:wheat_seeds":2,"minecraft:iron_helmet":2,"minecraft:cobblestone":55,"minecraft:book":72,"minecraft:waxed_copper_grate":6,"minecraft:polished_tuff":6,"minecraft:amethyst_block":1,"chococraft:gysahl_green_seeds":7,"minecraft:granite":4,"minecraft:ominous_trial_key":8,"minecraft:chainmail_helmet":1,"minecraft:coal":14,"minecraft:stick":7,"minecraft:torch":11,"minecraft:smooth_quartz":1,"minecraft:potion":1,"minecraft:iron_leggings":1,"minecraft:white_banner":4,"minecraft:iron_axe":1,"artifacts:feral_claws":1,"minecraft:paper":8,"minecraft:string":40,"minecraft:beetroot_soup":2,"minecraft:redstone":7,"minecraft:furnace":2,"minecraft:tuff_bricks":33,"minecraft:bowl":1,"minecraft:green_bed":1,"minecraft:tuff":26,"minecraft:raw_iron":6,"minecraft:iron_boots":1,"minecraft:smoker":2,"minecraft:filled_map":2,"minecraft:diamond_sword":1,"minecraft:shield":3,"minecraft:flower_pot":1,"minecraft:trial_key":11,"minecraft:spruce_planks":2,"minecraft:iron_chestplate":1,"minecraft:diamond_pickaxe":4,"minecraft:spider_eye":28,"minecraft:waxed_chiseled_copper":1,"minecraft:wooden_pickaxe":1,"minecraft:raw_gold":4,"waystones:waystone":2,"chococraft:gysahl_green":1,"minecraft:brick":49},"minecraft:broken":{"minecraft:iron_sword":1,"morevanillashields:amethyst_shield":1,"morevanillashields:obsidian_shield":1},"minecraft:picked_up":{"chococraft:loverly_gysahl_green":3,"minecraft:flower_pot":1,"minecraft:anvil":3,"morevanillashields:obsidian_shield":1,"minecraft:smithing_table":2,"minecraft:diamond_sword":5,"minecraft:potion":22,"minecraft:enchanted_book":4,"minecraft:amethyst_block":2,"minecraft:string":253,"minecraft:waxed_cut_copper_slab":1,"minecraft:beetroot_soup":2,"minecraft:armor_stand":1,"minecraft:experience_bottle":34,"minecraft:gold_nugget":17,"minecraft:cobbled_deepslate":452,"minecraft:bucket":2,"minecraft:spruce_planks":47,"minecraft:trial_key":20,"minecraft:smooth_quartz":1,"minecraft:iron_pickaxe":5,"minecraft:furnace":17,"minecraft:tipped_arrow":60,"minecraft:spruce_pressure_plate":3,"minecraft:beehive":1,"minecraft:torch":26,"minecraft:green_bed":1,"minecraft:waxed_copper_grate":6,"minecraft:pointed_dripstone":1,"morevanillashields:amethyst_shield":1,"minecraft:brown_carpet":1,"minecraft:rotten_flesh":12,"minecraft:honey_bottle":2,"farmersdelight:onion":15,"supplementaries:antique_ink":4,"minecraft:iron_block":1,"minecraft:cyan_terracotta":3,"supplementaries:ash":25,"minecraft:snowball":36,"minecraft:cobblestone":263,"minecraft:leather_chestplate":1,"minecraft:cooked_beef":28,"minecraft:cherry_planks":12,"minecraft:water_bucket":3,"minecraft:andesite":6,"minecraft:smoker":3,"minecraft:potato":163,"minecraft:flint":3,"minecraft:tuff":79,"minecraft:lapis_lazuli":53,"minecraft:dirt":46,"minecraft:bone":224,"travelersbackpack:backpack_tank":1,"minecraft:bow":5,"minecraft:wheat_seeds":2,"minecraft:raw_gold":35,"minecraft:fletching_table":1,"minecraft:oak_planks":4,"minecraft:scrape_pottery_sherd":1,"minecraft:waxed_chiseled_copper":1,"minecraft:sand":28,"minecraft:stripped_spruce_log":1,"minecraft:grass_block":1,"travelersbackpack:white_sleeping_bag":3,"minecraft:diamond":58,"waystones:waystone":3,"minecraft:cherry_wood":8,"minecraft:granite":10,"minecraft:crossbow":8,"minecraft:breeze_rod":10,"minecraft:golden_apple":1,"minecraft:music_disc_precipice":2,"minecraft:emerald":70,"minecraft:chainmail_helmet":1,"minecraft:bread":29,"minecraft:bricks":1,"minecraft:ominous_trial_key":11,"minecraft:diamond_pickaxe":8,"minecraft:crafting_table":11,"minecraft:ominous_bottle":7,"minecraft:brick":49,"minecraft:shield":2,"minecraft:wind_charge":64,"minecraft:wooden_sword":1,"artifacts:feral_claws":1,"minecraft:cartography_table":1,"minecraft:beef":25,"minecraft:chiseled_tuff":1,"minecraft:egg":3,"minecraft:raw_iron":12,"minecraft:mace":6,"minecraft:redstone":44,"minecraft:music_disc_creator_music_box":2,"minecraft:arrow":337,"minecraft:decorated_pot":8,"minecraft:pink_glazed_terracotta":2,"minecraft:hay_block":15,"minecraft:saddle":1,"minecraft:gold_ingot":102,"minecraft:tuff_bricks":33,"minecraft:mutton":1,"minecraft:skeleton_skull":1,"minecraft:white_wool":8,"minecraft:golden_carrot":8,"minecraft:leather":24,"minecraft:red_glazed_terracotta":2,"minecraft:red_mushroom":2,"minecraft:filled_map":1,"minecraft:waxed_copper_block":7,"minecraft:jungle_button":1,"minecraft:gunpowder":3,"minecraft:paper":8,"minecraft:white_banner":6,"minecraft:cooked_mutton":2,"chococraft:chocobo_feather":2,"minecraft:light_blue_banner":1,"chococraft:gysahl_green":51,"minecraft:apple":1,"minecraft:iron_ingot":79,"minecraft:cobweb":125,"minecraft:polished_tuff_slab":1,"minecraft:cooked_chicken":8,"minecraft:glass_bottle":2,"minecraft:iron_sword":2,"minecraft:dark_oak_stairs":2,"minecraft:book":72,"minecraft:scaffolding":1,"minecraft:emerald_block":1,"minecraft:heavy_core":1,"minecraft:amethyst_shard":22,"chococraft:gysahl_green_seeds":8,"minecraft:spruce_log":16,"minecraft:polished_tuff":6,"minecraft:spider_eye":28,"travelersbackpack:standard":1,"minecraft:diamond_shovel":1,"minecraft:diamond_axe":10,"minecraft:baked_potato":64,"minecraft:damaged_anvil":1,"minecraft:coal":86,"minecraft:chiseled_tuff_bricks":7,"minecraft:ender_pearl":3},"minecraft:killed_by":{"creepycreepers:ghostly_creeper":1,"minecraft:vindicator":1,"minecraft:skeleton":2},"minecraft:killed":{"minecraft:cave_spider":30,"minecraft:witch":1,"minecraft:spider":26,"minecraft:skeleton":51,"minecraft:creeper":2,"minecraft:sheep":1,"minecraft:pillager":3,"minecraft:zombie":13,"minecraft:stray":56,"minecraft:cow":12,"creepycreepers:tuff_creeper":1,"minecraft:vindicator":1,"creepycreepers:ghostly_creeper":1,"minecraft:breeze":6,"minecraft:player":1,"minecraft:enderman":3},"minecraft:crafted":{"morevanillashields:amethyst_shield":1,"minecraft:mace":1,"minecraft:glass":22,"minecraft:iron_boots":2,"minecraft:chest":1,"travelersbackpack:iron_tier_upgrade":2,"minecraft:emerald":9,"minecraft:crafting_table":2,"minecraft:spruce_planks":64,"travelersbackpack:standard":4,"minecraft:baked_potato":50,"minecraft:wooden_pickaxe":1,"minecraft:iron_helmet":2,"minecraft:smithing_table":1,"minecraft:iron_chestplate":1,"minecraft:shield":7,"minecraft:stick":48,"minecraft:iron_ingot":25,"minecraft:gold_ingot":89,"minecraft:shears":1,"minecraft:cherry_planks":32,"minecraft:wind_charge":12,"minecraft:furnace":4,"travelersbackpack:blank_upgrade":4,"travelersbackpack:gold_tier_upgrade":1,"travelersbackpack:white_sleeping_bag":2,"minecraft:stone_pickaxe":1,"minecraft:wheat":54,"minecraft:cooked_beef":30,"travelersbackpack:backpack_tank":2,"minecraft:stone_axe":1,"minecraft:bread":18,"minecraft:air":0,"minecraft:white_wool":10,"minecraft:raw_gold":45,"minecraft:iron_leggings":1,"minecraft:torch":104}},"DataVersion":3953}