{"stats":{"minecraft:used":{"minecraft:stone_pickaxe":46,"minecraft:baked_potato":15,"minecraft:shield":17,"minecraft:wooden_pickaxe":3,"minecraft:iron_sword":43,"minecraft:torch":22,"farmersdelight:onion":4,"minecraft:dirt":33,"minecraft:crafting_table":4,"minecraft:beehive":1,"minecraft:snowball":36,"minecraft:smoker":1,"minecraft:apple":1,"minecraft:bricks":1,"minecraft:bread":12,"minecraft:map":1,"minecraft:iron_pickaxe":45,"minecraft:spruce_pressure_plate":2,"minecraft:stone_axe":24,"minecraft:jungle_button":1,"minecraft:furnace":3,"minecraft:cobbled_deepslate":16,"minecraft:beetroot_soup":1},"minecraft:mined":{"minecraft:tuff":5,"minecraft:spruce_planks":1,"farmersdelight:onions":6,"minecraft:smoker":2,"minecraft:crafting_table":4,"minecraft:short_grass":5,"minecraft:grass_block":4,"minecraft:decorated_pot":2,"minecraft:spruce_leaves":3,"minecraft:bricks":1,"supplementaries:urn":1,"minecraft:hay_block":6,"minecraft:light_blue_wall_banner":1,"minecraft:furnace":3,"minecraft:beehive":1,"minecraft:iron_ore":6,"minecraft:spruce_log":9,"minecraft:fletching_table":1,"minecraft:dark_oak_stairs":2,"minecraft:gold_block":1,"minecraft:bookshelf":11,"minecraft:potatoes":21,"minecraft:coal_ore":13,"minecraft:cobblestone_slab":1,"minecraft:deepslate_iron_ore":1,"minecraft:dirt_path":1,"minecraft:spruce_pressure_plate":2,"minecraft:dirt":15,"minecraft:stone":43,"minecraft:green_bed":1,"minecraft:deepslate":17},"minecraft:custom":{"minecraft:interact_with_furnace":25,"minecraft:mob_kills":7,"minecraft:interact_with_crafting_table":12,"minecraft:tune_noteblock":12,"minecraft:open_barrel":4,"minecraft:eat_cake_slice":1,"minecraft:leave_game":1,"minecraft:time_since_death":90418,"minecraft:sleep_in_bed":2,"minecraft:climb_one_cm":509,"minecraft:time_since_rest":41249,"minecraft:waystone_activated":2,"minecraft:sprint_one_cm":289635,"minecraft:damage_taken":886,"minecraft:walk_one_cm":307120,"minecraft:damage_blocked_by_shield":585,"minecraft:drop":41,"minecraft:damage_dealt":2314,"minecraft:swim_one_cm":2049,"minecraft:talked_to_villager":4,"minecraft:fly_one_cm":329473,"minecraft:open_chest":26,"minecraft:crouch_one_cm":10925,"minecraft:play_time":90418,"minecraft:sneak_time":3517,"minecraft:walk_under_water_one_cm":2833,"minecraft:jump":1703,"minecraft:walk_on_water_one_cm":23252,"minecraft:interact_with_smoker":14,"minecraft:total_world_time":90418,"minecraft:fall_one_cm":41272},"minecraft:killed":{"minecraft:zombie":2,"minecraft:stray":2,"minecraft:enderman":1},"minecraft:picked_up":{"chococraft:loverly_gysahl_green":2,"minecraft:crafting_table":4,"minecraft:cooked_beef":2,"minecraft:andesite":6,"minecraft:smoker":1,"minecraft:potato":65,"minecraft:filled_map":1,"minecraft:tuff":8,"minecraft:jungle_button":1,"minecraft:brick":2,"minecraft:lapis_lazuli":10,"minecraft:dirt":41,"minecraft:wooden_sword":1,"minecraft:beetroot_soup":2,"artifacts:feral_claws":1,"minecraft:cooked_mutton":2,"minecraft:light_blue_banner":1,"chococraft:gysahl_green":1,"minecraft:apple":1,"minecraft:wheat_seeds":1,"minecraft:cobbled_deepslate":37,"minecraft:spruce_planks":43,"minecraft:iron_ingot":26,"minecraft:fletching_table":1,"minecraft:iron_pickaxe":3,"minecraft:dark_oak_stairs":2,"minecraft:book":36,"minecraft:furnace":3,"minecraft:spruce_pressure_plate":3,"minecraft:beehive":1,"minecraft:raw_iron":4,"minecraft:green_bed":1,"minecraft:stripped_spruce_log":1,"chococraft:gysahl_green_seeds":1,"minecraft:grass_block":1,"minecraft:spruce_log":9,"minecraft:spider_eye":1,"minecraft:arrow":4,"minecraft:rotten_flesh":5,"minecraft:diamond":1,"minecraft:decorated_pot":4,"farmersdelight:onion":12,"minecraft:hay_block":6,"supplementaries:antique_ink":2,"minecraft:granite":2,"minecraft:emerald":2,"minecraft:bread":3,"minecraft:baked_potato":8,"minecraft:bricks":1,"minecraft:coal":23,"minecraft:snowball":36,"minecraft:cobblestone":44,"minecraft:ender_pearl":1},"minecraft:crafted":{"minecraft:crafting_table":1,"minecraft:spruce_planks":36,"minecraft:iron_helmet":1,"minecraft:wooden_pickaxe":1,"minecraft:baked_potato":23,"minecraft:furnace":1,"minecraft:stone_axe":1,"minecraft:bread":18,"minecraft:air":0,"minecraft:iron_chestplate":1,"minecraft:iron_boots":1,"minecraft:shield":2,"minecraft:stick":32,"minecraft:iron_ingot":16,"minecraft:stone_pickaxe":1,"minecraft:iron_leggings":1,"minecraft:torch":52,"minecraft:wheat":54},"minecraft:dropped":{"minecraft:iron_ingot":19,"minecraft:bread":3,"minecraft:stripped_spruce_log":1,"chococraft:loverly_gysahl_green":2,"minecraft:wheat_seeds":1,"minecraft:lapis_lazuli":1,"minecraft:cooked_beef":2,"minecraft:baked_potato":16,"minecraft:bowl":1,"minecraft:tuff":6,"minecraft:decorated_pot":4,"minecraft:iron_helmet":1,"minecraft:rotten_flesh":5,"minecraft:diamond_shovel":1,"minecraft:cooked_mutton":2,"minecraft:filled_map":2,"minecraft:dirt":4,"minecraft:torch":3,"minecraft:diamond_pickaxe":1,"minecraft:spruce_pressure_plate":1,"minecraft:spider_eye":1,"minecraft:wooden_sword":1,"minecraft:wooden_pickaxe":1,"minecraft:iron_pickaxe":3,"artifacts:feral_claws":1,"chococraft:gysahl_green":1,"minecraft:brick":2,"minecraft:beetroot_soup":1}},"DataVersion":3953}