{"stats":{"minecraft:dropped":{"minecraft:iron_ingot":2,"minecraft:bread":3,"minecraft:iron_helmet":1,"minecraft:iron_pickaxe":3,"minecraft:cooked_mutton":2},"minecraft:mined":{"minecraft:beehive":1,"minecraft:spruce_log":3,"minecraft:crafting_table":1,"minecraft:gold_block":1,"minecraft:dark_oak_stairs":2,"minecraft:grass_block":4,"minecraft:dirt_path":1,"minecraft:spruce_pressure_plate":2,"minecraft:dirt":10,"minecraft:spruce_leaves":1},"minecraft:crafted":{"minecraft:crafting_table":1,"minecraft:spruce_planks":12,"minecraft:stick":4,"minecraft:wooden_pickaxe":1},"minecraft:custom":{"minecraft:time_since_rest":28700,"minecraft:sprint_one_cm":53743,"minecraft:damage_taken":50,"minecraft:walk_one_cm":68415,"minecraft:drop":9,"minecraft:interact_with_crafting_table":1,"minecraft:talked_to_villager":4,"minecraft:tune_noteblock":12,"minecraft:fly_one_cm":51139,"minecraft:open_chest":13,"minecraft:crouch_one_cm":2490,"minecraft:play_time":28700,"minecraft:sneak_time":665,"minecraft:jump":297,"minecraft:time_since_death":28700,"minecraft:total_world_time":28700,"minecraft:fall_one_cm":5859},"minecraft:picked_up":{"minecraft:spruce_pressure_plate":3,"minecraft:beehive":1,"minecraft:crafting_table":1,"minecraft:cooked_beef":2,"minecraft:jungle_button":1,"minecraft:spruce_log":3,"minecraft:dirt":14,"artifacts:feral_claws":1,"minecraft:cooked_mutton":2,"minecraft:bread":3,"minecraft:iron_pickaxe":3,"minecraft:dark_oak_stairs":2},"minecraft:used":{"minecraft:bread":2,"minecraft:iron_pickaxe":1,"minecraft:spruce_pressure_plate":2,"minecraft:dirt":7,"minecraft:jungle_button":1,"minecraft:crafting_table":1,"minecraft:beehive":1}},"DataVersion":3953}