{"stats":{"minecraft:custom":{"minecraft:interact_with_crafting_table":44,"minecraft:open_barrel":47,"minecraft:bell_ring":4,"minecraft:eat_cake_slice":1,"minecraft:leave_game":5,"minecraft:time_since_death":36264,"minecraft:sprint_one_cm":1316435,"minecraft:damage_blocked_by_shield":13918,"minecraft:drop":246,"minecraft:talked_to_villager":9,"minecraft:play_time":366184,"minecraft:deaths":5,"minecraft:jump":6478,"minecraft:walk_on_water_one_cm":46956,"minecraft:interact_with_furnace":143,"minecraft:interact_with_cartography_table":2,"minecraft:sleep_in_bed":6,"minecraft:waystone_activated":5,"minecraft:damage_dealt":37528,"minecraft:player_kills":1,"minecraft:crouch_one_cm":52445,"minecraft:interact_with_smoker":15,"minecraft:inspect_dispenser":9,"minecraft:interact_with_smithing_table":10,"minecraft:mob_kills":248,"minecraft:damage_dealt_resisted":44,"minecraft:climb_one_cm":12739,"minecraft:walk_one_cm":1254712,"minecraft:raid_win":1,"minecraft:sneak_time":16426,"minecraft:walk_under_water_one_cm":25369,"minecraft:total_world_time":366184,"minecraft:tune_noteblock":12,"minecraft:interact_with_grindstone":1,"minecraft:time_since_rest":36395,"minecraft:damage_taken":9517,"minecraft:damage_absorbed":39,"minecraft:swim_one_cm":21076,"minecraft:fly_one_cm":1112601,"minecraft:open_chest":109,"minecraft:fall_one_cm":143812},"minecraft:mined":{"minecraft:spruce_planks":4,"minecraft:sculk_vein":5,"minecraft:granite":5,"minecraft:budding_amethyst":1,"minecraft:grass_block":8,"waystones:waystone":1,"minecraft:chiseled_tuff_bricks":4,"minecraft:tuff_bricks":12,"minecraft:spawner":5,"minecraft:iron_ore":6,"minecraft:cobbled_deepslate":12,"minecraft:fire":1,"minecraft:polished_tuff":1,"minecraft:fletching_table":1,"minecraft:deepslate_lapis_ore":12,"minecraft:dark_oak_stairs":2,"chococraft:gysahl_green":22,"minecraft:dirt_path":3,"easyanvils:minecraft/damaged_anvil":1,"minecraft:spruce_pressure_plate":2,"easyanvils:minecraft/anvil":1,"minecraft:green_bed":1,"minecraft:deepslate_redstone_ore":11,"minecraft:cyan_terracotta":3,"minecraft:smoker":2,"minecraft:amethyst_cluster":5,"minecraft:blast_furnace":1,"minecraft:cobblestone":28,"minecraft:oak_planks":4,"minecraft:waxed_chiseled_copper":1,"minecraft:bricks":1,"minecraft:wall_torch":4,"minecraft:amethyst_block":1,"minecraft:waxed_copper_block":4,"minecraft:smooth_stone_slab":1,"minecraft:sand":6,"minecraft:dirt":17,"minecraft:smooth_quartz":1,"minecraft:oak_leaves":1,"minecraft:deepslate":358,"minecraft:tuff":43,"farmersdelight:onions":6,"minecraft:deepslate_diamond_ore":49,"minecraft:decorated_pot":20,"travelersbackpack:white_sleeping_bag":3,"minecraft:cherry_wood":8,"minecraft:spruce_leaves":4,"minecraft:cartography_table":1,"minecraft:hay_block":9,"minecraft:light_blue_wall_banner":1,"minecraft:furnace":11,"minecraft:waxed_copper_grate":7,"minecraft:gold_block":1,"minecraft:chiseled_tuff":1,"minecraft:bookshelf":11,"minecraft:potatoes":27,"minecraft:deepslate_iron_ore":14,"minecraft:cobblestone_slab":1,"minecraft:stone":124,"minecraft:pink_glazed_terracotta":2,"minecraft:smithing_table":2,"minecraft:scaffolding":1,"minecraft:dandelion":1,"minecraft:crafting_table":12,"minecraft:short_grass":5,"minecraft:sculk_sensor":4,"minecraft:tall_grass":1,"minecraft:deepslate_coal_ore":4,"minecraft:deepslate_gold_ore":64,"minecraft:sculk":5,"supplementaries:urn":23,"minecraft:beehive":1,"minecraft:ice":1,"minecraft:spruce_log":17,"minecraft:white_wall_banner":1,"minecraft:coal_ore":30,"minecraft:cherry_leaves":1,"minecraft:gravel":14,"minecraft:cobweb":161},"minecraft:used":{"minecraft:decorated_pot":2,"minecraft:shield":153,"minecraft:iron_sword":243,"morevanillashields:obsidian_shield":45,"minecraft:tuff":36,"minecraft:beehive":1,"minecraft:snowball":36,"minecraft:cyan_terracotta":3,"minecraft:bricks":1,"minecraft:bow":158,"minecraft:ominous_bottle":1,"minecraft:jungle_button":1,"minecraft:furnace":12,"minecraft:skeleton_skull":1,"minecraft:egg":3,"minecraft:stone_pickaxe":46,"minecraft:wooden_pickaxe":3,"minecraft:diamond_axe":245,"minecraft:golden_apple":1,"minecraft:crossbow":17,"minecraft:shears":91,"waystones:waystone":1,"minecraft:mace":11,"minecraft:bread":59,"minecraft:diamond_sword":202,"minecraft:smithing_table":2,"chococraft:gysahl_green":22,"minecraft:cobweb":60,"minecraft:spruce_planks":2,"minecraft:trial_key":9,"minecraft:cooked_chicken":4,"minecraft:torch":120,"minecraft:dirt":36,"minecraft:golden_carrot":6,"minecraft:cooked_beef":29,"minecraft:cobbled_deepslate":301,"minecraft:beetroot_soup":1,"minecraft:water_bucket":65,"minecraft:amethyst_block":1,"minecraft:baked_potato":60,"minecraft:cartography_table":1,"farmersdelight:onion":4,"minecraft:crafting_table":14,"minecraft:smoker":1,"minecraft:polished_tuff_slab":1,"minecraft:diamond_pickaxe":440,"minecraft:apple":4,"minecraft:ominous_trial_key":3,"minecraft:wind_charge":15,"minecraft:iron_pickaxe":121,"minecraft:map":1,"travelersbackpack:white_sleeping_bag":4,"minecraft:spruce_pressure_plate":2,"minecraft:stone_axe":24,"morevanillashields:amethyst_shield":30,"minecraft:cobblestone":101,"minecraft:potion":4,"travelersbackpack:standard":1,"minecraft:white_banner":1,"minecraft:bucket":66},"minecraft:dropped":{"minecraft:iron_sword":2,"chococraft:loverly_gysahl_green":7,"minecraft:diamond_axe":1,"minecraft:lapis_lazuli":10,"minecraft:cooked_beef":4,"minecraft:baked_potato":16,"minecraft:ender_pearl":1,"minecraft:glass_bottle":2,"minecraft:decorated_pot":6,"minecraft:crossbow":7,"minecraft:leather":9,"minecraft:fletching_table":1,"minecraft:saddle":1,"travelersbackpack:standard":1,"minecraft:red_mushroom":2,"minecraft:flint":3,"minecraft:dirt":6,"minecraft:mace":2,"minecraft:mutton":1,"minecraft:scrape_pottery_sherd":1,"minecraft:gold_nugget":17,"farmersdelight:onion":12,"minecraft:wooden_sword":1,"minecraft:amethyst_shard":1,"minecraft:sand":6,"minecraft:iron_pickaxe":6,"travelersbackpack:backpack_tank":1,"minecraft:pink_glazed_terracotta":2,"minecraft:white_wool":7,"minecraft:armor_stand":1,"minecraft:bone":84,"minecraft:gold_ingot":1,"minecraft:waxed_cut_copper_slab":1,"minecraft:red_glazed_terracotta":2,"minecraft:stone_axe":1,"minecraft:compass":1,"minecraft:chiseled_tuff_bricks":7,"minecraft:cobbled_deepslate":77,"minecraft:pointed_dripstone":1,"minecraft:rotten_flesh":12,"minecraft:oak_planks":4,"minecraft:diamond_shovel":2,"minecraft:cooked_mutton":2,"minecraft:honey_bottle":2,"minecraft:carrot":1,"minecraft:waxed_copper_block":7,"supplementaries:antique_ink":4,"minecraft:wind_charge":54,"minecraft:leather_chestplate":1,"supplementaries:ash":19,"minecraft:tipped_arrow":30,"minecraft:gunpowder":2,"minecraft:spruce_pressure_plate":1,"minecraft:chiseled_tuff":1,"minecraft:arrow":43,"minecraft:beef":7,"minecraft:scaffolding":1,"minecraft:enchanted_book":2,"minecraft:water_bucket":3,"minecraft:iron_ingot":19,"minecraft:bread":11,"minecraft:stripped_spruce_log":1,"minecraft:wheat_seeds":2,"minecraft:iron_helmet":2,"minecraft:cobblestone":55,"minecraft:book":72,"minecraft:waxed_copper_grate":6,"minecraft:polished_tuff":6,"minecraft:amethyst_block":1,"chococraft:gysahl_green_seeds":7,"minecraft:granite":4,"minecraft:hopper_minecart":1,"minecraft:ominous_trial_key":8,"minecraft:chainmail_helmet":1,"minecraft:coal":14,"minecraft:stick":7,"minecraft:torch":11,"minecraft:smooth_quartz":1,"minecraft:potion":1,"minecraft:iron_leggings":1,"minecraft:white_banner":4,"minecraft:iron_axe":1,"artifacts:feral_claws":1,"minecraft:paper":8,"minecraft:string":40,"minecraft:beetroot_soup":2,"minecraft:redstone":7,"minecraft:furnace":2,"minecraft:tuff_bricks":33,"minecraft:bowl":1,"minecraft:green_bed":1,"minecraft:tuff":32,"minecraft:raw_iron":6,"minecraft:iron_boots":1,"minecraft:smoker":2,"minecraft:filled_map":2,"minecraft:diamond_sword":1,"minecraft:shield":3,"minecraft:flower_pot":1,"minecraft:trial_key":11,"minecraft:spruce_planks":2,"minecraft:iron_chestplate":1,"minecraft:diamond_pickaxe":4,"minecraft:spider_eye":28,"minecraft:waxed_chiseled_copper":1,"minecraft:wooden_pickaxe":1,"minecraft:raw_gold":4,"waystones:waystone":2,"chococraft:gysahl_green":56,"minecraft:brick":49},"minecraft:broken":{"minecraft:iron_sword":1,"morevanillashields:amethyst_shield":1,"morevanillashields:obsidian_shield":1},"minecraft:picked_up":{"chococraft:loverly_gysahl_green":7,"minecraft:flower_pot":1,"minecraft:anvil":3,"morevanillashields:obsidian_shield":1,"minecraft:smithing_table":2,"minecraft:diamond_sword":6,"minecraft:potion":22,"minecraft:enchanted_book":5,"minecraft:amethyst_block":2,"minecraft:string":253,"minecraft:waxed_cut_copper_slab":1,"minecraft:beetroot_soup":2,"minecraft:armor_stand":1,"minecraft:experience_bottle":34,"minecraft:gold_nugget":39,"minecraft:cobbled_deepslate":650,"minecraft:bucket":2,"minecraft:spruce_planks":47,"minecraft:trial_key":20,"minecraft:smooth_quartz":1,"minecraft:iron_pickaxe":5,"minecraft:hopper_minecart":2,"minecraft:furnace":19,"minecraft:tipped_arrow":60,"minecraft:spruce_pressure_plate":3,"minecraft:beehive":1,"minecraft:torch":51,"minecraft:green_bed":1,"minecraft:waxed_copper_grate":6,"minecraft:pointed_dripstone":1,"morevanillashields:amethyst_shield":1,"minecraft:brown_carpet":1,"minecraft:rotten_flesh":13,"minecraft:honey_bottle":2,"farmersdelight:onion":15,"supplementaries:antique_ink":8,"minecraft:iron_block":7,"minecraft:cyan_terracotta":3,"supplementaries:ash":39,"minecraft:snowball":36,"minecraft:cobblestone":296,"minecraft:leather_chestplate":1,"minecraft:cooked_beef":43,"minecraft:cherry_planks":24,"minecraft:water_bucket":4,"minecraft:andesite":6,"minecraft:smoker":3,"minecraft:potato":163,"minecraft:flint":3,"minecraft:tuff":87,"supplementaries:flax_seeds":2,"minecraft:lapis_lazuli":120,"minecraft:dirt":46,"minecraft:bone":243,"travelersbackpack:backpack_tank":1,"minecraft:bow":6,"minecraft:wheat_seeds":2,"minecraft:raw_gold":77,"minecraft:fletching_table":1,"minecraft:oak_planks":4,"minecraft:scrape_pottery_sherd":1,"minecraft:waxed_chiseled_copper":1,"minecraft:sand":28,"minecraft:stripped_spruce_log":1,"minecraft:grass_block":1,"travelersbackpack:white_sleeping_bag":3,"minecraft:diamond":119,"waystones:waystone":3,"minecraft:cherry_wood":8,"minecraft:granite":10,"minecraft:crossbow":8,"minecraft:breeze_rod":10,"minecraft:golden_apple":1,"minecraft:music_disc_precipice":2,"minecraft:emerald":74,"minecraft:chainmail_helmet":1,"minecraft:bread":29,"minecraft:bricks":1,"minecraft:ominous_trial_key":11,"minecraft:diamond_pickaxe":10,"minecraft:crafting_table":12,"minecraft:ominous_bottle":7,"minecraft:gold_block":5,"minecraft:brick":49,"minecraft:shield":2,"minecraft:wind_charge":64,"minecraft:wooden_sword":1,"artifacts:feral_claws":1,"minecraft:cartography_table":1,"minecraft:beef":25,"minecraft:chiseled_tuff":1,"minecraft:sugar_cane":15,"minecraft:egg":3,"minecraft:raw_iron":33,"minecraft:copper_ingot":13,"minecraft:mace":7,"minecraft:redstone":94,"minecraft:music_disc_creator_music_box":2,"minecraft:arrow":402,"minecraft:decorated_pot":8,"minecraft:pink_glazed_terracotta":2,"minecraft:hay_block":15,"minecraft:saddle":1,"minecraft:gold_ingot":176,"minecraft:tuff_bricks":33,"minecraft:mutton":1,"minecraft:skeleton_skull":1,"minecraft:white_wool":8,"minecraft:golden_carrot":8,"artifacts:digging_claws":1,"minecraft:leather":45,"minecraft:red_glazed_terracotta":2,"minecraft:red_mushroom":2,"minecraft:filled_map":1,"minecraft:waxed_copper_block":7,"minecraft:jungle_button":1,"minecraft:gunpowder":6,"minecraft:paper":8,"minecraft:white_banner":6,"minecraft:cooked_mutton":2,"chococraft:chocobo_feather":2,"minecraft:light_blue_banner":1,"chococraft:gysahl_green":172,"minecraft:apple":1,"minecraft:iron_ingot":89,"minecraft:cobweb":125,"minecraft:polished_tuff_slab":1,"minecraft:cooked_chicken":8,"minecraft:glass_bottle":2,"minecraft:iron_sword":2,"minecraft:dark_oak_stairs":2,"minecraft:book":72,"minecraft:scaffolding":1,"minecraft:emerald_block":1,"minecraft:heavy_core":1,"minecraft:gravel":14,"minecraft:amethyst_shard":22,"chococraft:gysahl_green_seeds":8,"minecraft:blast_furnace":1,"minecraft:spruce_log":16,"minecraft:polished_tuff":6,"minecraft:spider_eye":29,"travelersbackpack:standard":1,"minecraft:diamond_shovel":1,"minecraft:slime_ball":6,"minecraft:diamond_axe":11,"minecraft:baked_potato":64,"minecraft:damaged_anvil":1,"minecraft:coal":99,"minecraft:chiseled_tuff_bricks":7,"minecraft:ender_pearl":3},"minecraft:killed_by":{"creepycreepers:ghostly_creeper":1,"minecraft:vindicator":1,"minecraft:skeleton":2},"minecraft:killed":{"minecraft:cave_spider":31,"minecraft:witch":1,"minecraft:spider":28,"minecraft:skeleton":53,"artifacts:mimic":1,"minecraft:creeper":2,"minecraft:sheep":1,"minecraft:pillager":3,"minecraft:zombie":18,"minecraft:stray":56,"minecraft:cow":12,"creepycreepers:tuff_creeper":1,"minecraft:vindicator":1,"minecraft:slime":13,"creepycreepers:ghostly_creeper":2,"minecraft:breeze":6,"minecraft:player":1,"minecraft:enderman":3},"minecraft:crafted":{"morevanillashields:amethyst_shield":1,"minecraft:mace":1,"minecraft:glass":22,"minecraft:iron_boots":2,"minecraft:chest":1,"travelersbackpack:iron_tier_upgrade":2,"minecraft:emerald":9,"minecraft:crafting_table":2,"minecraft:spruce_planks":64,"travelersbackpack:standard":4,"minecraft:baked_potato":50,"minecraft:wooden_pickaxe":1,"minecraft:iron_helmet":2,"minecraft:smithing_table":1,"minecraft:iron_chestplate":2,"minecraft:shield":7,"minecraft:stick":48,"minecraft:iron_ingot":25,"minecraft:gold_ingot":89,"minecraft:shears":1,"minecraft:cherry_planks":32,"minecraft:wind_charge":12,"minecraft:furnace":4,"travelersbackpack:blank_upgrade":4,"travelersbackpack:gold_tier_upgrade":1,"travelersbackpack:white_sleeping_bag":2,"minecraft:stone_pickaxe":1,"minecraft:wheat":54,"minecraft:cooked_beef":30,"travelersbackpack:backpack_tank":2,"minecraft:bucket":1,"minecraft:stone_axe":1,"minecraft:bread":18,"minecraft:air":0,"minecraft:white_wool":10,"minecraft:raw_gold":45,"minecraft:iron_leggings":2,"minecraft:torch":104}},"DataVersion":3953}