{"stats":{"minecraft:used":{"minecraft:shield":20,"minecraft:iron_sword":77,"minecraft:trial_key":2,"minecraft:torch":36,"minecraft:dirt":33,"minecraft:beehive":1,"minecraft:snowball":36,"minecraft:bricks":1,"minecraft:jungle_button":1,"minecraft:furnace":4,"minecraft:skeleton_skull":1,"minecraft:cobbled_deepslate":38,"minecraft:beetroot_soup":1,"minecraft:stone_pickaxe":46,"minecraft:baked_potato":15,"minecraft:wooden_pickaxe":3,"farmersdelight:onion":4,"minecraft:crafting_table":5,"minecraft:smoker":1,"minecraft:apple":1,"minecraft:bread":17,"minecraft:iron_pickaxe":110,"minecraft:map":1,"minecraft:spruce_pressure_plate":2,"minecraft:stone_axe":24},"minecraft:custom":{"minecraft:mob_kills":19,"minecraft:interact_with_crafting_table":13,"minecraft:open_barrel":4,"minecraft:eat_cake_slice":1,"minecraft:leave_game":1,"minecraft:time_since_death":114418,"minecraft:climb_one_cm":509,"minecraft:sprint_one_cm":333141,"minecraft:walk_one_cm":392304,"minecraft:damage_blocked_by_shield":675,"minecraft:drop":78,"minecraft:talked_to_villager":4,"minecraft:play_time":114418,"minecraft:sneak_time":4160,"minecraft:walk_under_water_one_cm":2833,"minecraft:jump":1940,"minecraft:walk_on_water_one_cm":23252,"minecraft:total_world_time":114418,"minecraft:interact_with_furnace":35,"minecraft:tune_noteblock":12,"minecraft:sleep_in_bed":2,"minecraft:time_since_rest":65249,"minecraft:waystone_activated":3,"minecraft:damage_taken":1087,"minecraft:damage_dealt":4539,"minecraft:fly_one_cm":353421,"minecraft:swim_one_cm":2049,"minecraft:open_chest":34,"minecraft:crouch_one_cm":12957,"minecraft:interact_with_smoker":14,"minecraft:fall_one_cm":45101,"minecraft:inspect_dispenser":4},"minecraft:mined":{"minecraft:tuff":5,"minecraft:spruce_planks":1,"farmersdelight:onions":6,"minecraft:grass_block":4,"minecraft:decorated_pot":2,"minecraft:spruce_leaves":3,"minecraft:chiseled_tuff_bricks":3,"minecraft:tuff_bricks":9,"minecraft:hay_block":6,"minecraft:light_blue_wall_banner":1,"minecraft:furnace":3,"minecraft:iron_ore":6,"minecraft:fletching_table":1,"minecraft:gold_block":1,"minecraft:dark_oak_stairs":2,"minecraft:bookshelf":11,"minecraft:potatoes":21,"minecraft:deepslate_iron_ore":7,"minecraft:cobblestone_slab":1,"minecraft:dirt_path":1,"minecraft:spruce_pressure_plate":2,"minecraft:stone":43,"minecraft:green_bed":1,"minecraft:smoker":2,"minecraft:crafting_table":4,"minecraft:short_grass":5,"minecraft:bricks":1,"minecraft:wall_torch":2,"supplementaries:urn":1,"minecraft:beehive":1,"minecraft:spruce_log":9,"minecraft:waxed_copper_block":4,"minecraft:coal_ore":13,"minecraft:dirt":15,"minecraft:deepslate":60},"minecraft:killed":{"minecraft:skeleton":1,"minecraft:zombie":2,"minecraft:stray":10,"minecraft:breeze":2,"minecraft:enderman":1},"minecraft:picked_up":{"minecraft:crafting_table":4,"chococraft:loverly_gysahl_green":2,"minecraft:enchanted_book":1,"minecraft:brick":2,"minecraft:wind_charge":3,"minecraft:wooden_sword":1,"artifacts:feral_claws":1,"minecraft:beetroot_soup":2,"minecraft:cobbled_deepslate":161,"minecraft:spruce_planks":43,"minecraft:trial_key":2,"minecraft:iron_pickaxe":3,"minecraft:furnace":3,"minecraft:tipped_arrow":10,"minecraft:spruce_pressure_plate":3,"minecraft:beehive":1,"minecraft:raw_iron":9,"minecraft:torch":2,"minecraft:green_bed":1,"minecraft:rotten_flesh":5,"minecraft:arrow":17,"minecraft:decorated_pot":4,"farmersdelight:onion":15,"supplementaries:antique_ink":2,"minecraft:hay_block":6,"minecraft:saddle":1,"minecraft:tuff_bricks":26,"minecraft:cobblestone":105,"minecraft:snowball":36,"minecraft:skeleton_skull":1,"minecraft:cooked_beef":2,"minecraft:andesite":6,"minecraft:smoker":3,"minecraft:potato":65,"minecraft:filled_map":1,"minecraft:flint":3,"minecraft:tuff":26,"minecraft:waxed_copper_block":7,"minecraft:jungle_button":1,"minecraft:dirt":41,"minecraft:lapis_lazuli":10,"minecraft:paper":8,"minecraft:cooked_mutton":2,"minecraft:bone":3,"chococraft:gysahl_green":1,"minecraft:light_blue_banner":1,"minecraft:apple":1,"minecraft:wheat_seeds":1,"minecraft:iron_ingot":28,"minecraft:fletching_table":1,"minecraft:dark_oak_stairs":2,"minecraft:book":36,"minecraft:stripped_spruce_log":1,"chococraft:gysahl_green_seeds":1,"minecraft:spruce_log":9,"minecraft:grass_block":1,"minecraft:polished_tuff":4,"minecraft:spider_eye":1,"minecraft:diamond":2,"minecraft:crossbow":2,"minecraft:breeze_rod":3,"minecraft:granite":2,"minecraft:golden_apple":1,"minecraft:bread":3,"minecraft:emerald":2,"minecraft:chainmail_helmet":1,"minecraft:baked_potato":8,"minecraft:bricks":1,"minecraft:coal":31,"minecraft:chiseled_tuff_bricks":6,"minecraft:ender_pearl":1},"minecraft:crafted":{"minecraft:furnace":2,"minecraft:iron_boots":1,"minecraft:stone_pickaxe":1,"minecraft:wheat":54,"minecraft:crafting_table":1,"minecraft:spruce_planks":36,"minecraft:wooden_pickaxe":1,"minecraft:baked_potato":29,"minecraft:iron_helmet":1,"minecraft:stone_axe":1,"minecraft:bread":18,"minecraft:air":0,"minecraft:iron_chestplate":1,"minecraft:shield":2,"minecraft:stick":32,"minecraft:iron_ingot":16,"minecraft:iron_leggings":1,"minecraft:torch":52},"minecraft:dropped":{"minecraft:enchanted_book":1,"minecraft:iron_ingot":19,"minecraft:bread":11,"minecraft:stripped_spruce_log":1,"chococraft:loverly_gysahl_green":2,"minecraft:wheat_seeds":1,"minecraft:lapis_lazuli":10,"minecraft:cooked_beef":2,"minecraft:baked_potato":16,"minecraft:decorated_pot":4,"minecraft:crossbow":1,"minecraft:cobblestone":30,"minecraft:iron_helmet":1,"minecraft:polished_tuff":4,"minecraft:fletching_table":1,"minecraft:saddle":1,"minecraft:chainmail_helmet":1,"minecraft:coal":6,"minecraft:stick":6,"minecraft:flint":3,"minecraft:dirt":4,"minecraft:torch":3,"farmersdelight:onion":12,"minecraft:wooden_sword":1,"minecraft:iron_pickaxe":3,"artifacts:feral_claws":1,"minecraft:paper":8,"minecraft:string":6,"minecraft:gold_ingot":1,"minecraft:beetroot_soup":2,"minecraft:bone":3,"minecraft:furnace":2,"minecraft:stone_axe":1,"minecraft:compass":1,"minecraft:tuff_bricks":26,"minecraft:chiseled_tuff_bricks":6,"minecraft:cobbled_deepslate":62,"minecraft:bowl":1,"minecraft:green_bed":1,"minecraft:tuff":24,"minecraft:rotten_flesh":5,"minecraft:smoker":2,"minecraft:diamond_shovel":1,"minecraft:cooked_mutton":2,"minecraft:waxed_copper_block":7,"minecraft:filled_map":2,"minecraft:tipped_arrow":9,"minecraft:diamond_pickaxe":1,"minecraft:spruce_pressure_plate":1,"minecraft:spider_eye":1,"minecraft:wooden_pickaxe":1,"minecraft:raw_gold":4,"chococraft:gysahl_green":1,"minecraft:brick":2}},"DataVersion":3953}