{"stats":{"minecraft:mined":{"minecraft:grass_block":1,"minecraft:dirt_path":1,"minecraft:dirt":5},"minecraft:custom":{"minecraft:jump":123,"minecraft:open_chest":2,"minecraft:time_since_rest":16700,"minecraft:crouch_one_cm":998,"minecraft:sprint_one_cm":8287,"minecraft:play_time":16700,"minecraft:time_since_death":16700,"minecraft:walk_one_cm":28600,"minecraft:sneak_time":273,"minecraft:total_world_time":16700,"minecraft:fall_one_cm":1045,"minecraft:fly_one_cm":15026},"minecraft:picked_up":{"minecraft:dirt":7},"minecraft:used":{"minecraft:dirt":3}},"DataVersion":3953}