{"stats":{"minecraft:used":{"minecraft:stone_pickaxe":46,"minecraft:baked_potato":4,"minecraft:wooden_pickaxe":3,"minecraft:iron_sword":15,"minecraft:torch":6,"minecraft:dirt":25,"minecraft:crafting_table":3,"minecraft:beehive":1,"minecraft:snowball":36,"minecraft:smoker":1,"minecraft:apple":1,"minecraft:bricks":1,"minecraft:bread":11,"minecraft:map":1,"minecraft:iron_pickaxe":24,"minecraft:spruce_pressure_plate":2,"minecraft:stone_axe":9,"minecraft:jungle_button":1,"minecraft:furnace":3,"minecraft:beetroot_soup":1},"minecraft:mined":{"minecraft:tuff":3,"minecraft:smoker":2,"minecraft:crafting_table":2,"minecraft:grass_block":4,"minecraft:spruce_leaves":3,"minecraft:bricks":1,"supplementaries:urn":1,"minecraft:furnace":1,"minecraft:beehive":1,"minecraft:iron_ore":6,"minecraft:spruce_log":9,"minecraft:fletching_table":1,"minecraft:dark_oak_stairs":2,"minecraft:gold_block":1,"minecraft:potatoes":7,"minecraft:coal_ore":13,"minecraft:deepslate_iron_ore":1,"minecraft:dirt_path":1,"minecraft:spruce_pressure_plate":2,"minecraft:dirt":15,"minecraft:stone":30,"minecraft:green_bed":1,"minecraft:deepslate":14},"minecraft:custom":{"minecraft:interact_with_furnace":21,"minecraft:mob_kills":2,"minecraft:interact_with_crafting_table":9,"minecraft:tune_noteblock":12,"minecraft:open_barrel":1,"minecraft:eat_cake_slice":1,"minecraft:leave_game":1,"minecraft:time_since_death":66418,"minecraft:sleep_in_bed":2,"minecraft:time_since_rest":17249,"minecraft:waystone_activated":2,"minecraft:sprint_one_cm":198854,"minecraft:damage_taken":404,"minecraft:walk_one_cm":205055,"minecraft:drop":28,"minecraft:damage_dealt":596,"minecraft:swim_one_cm":1027,"minecraft:talked_to_villager":4,"minecraft:fly_one_cm":237449,"minecraft:open_chest":23,"minecraft:crouch_one_cm":5806,"minecraft:play_time":66418,"minecraft:sneak_time":1965,"minecraft:walk_under_water_one_cm":1050,"minecraft:jump":1200,"minecraft:walk_on_water_one_cm":13058,"minecraft:interact_with_smoker":14,"minecraft:total_world_time":66418,"minecraft:fall_one_cm":26214},"minecraft:killed":{"minecraft:zombie":1,"minecraft:stray":1},"minecraft:picked_up":{"chococraft:loverly_gysahl_green":2,"minecraft:crafting_table":2,"minecraft:cooked_beef":2,"minecraft:andesite":6,"minecraft:smoker":1,"minecraft:potato":40,"minecraft:filled_map":1,"minecraft:tuff":2,"minecraft:jungle_button":1,"minecraft:lapis_lazuli":10,"minecraft:dirt":41,"minecraft:wooden_sword":1,"minecraft:beetroot_soup":2,"artifacts:feral_claws":1,"minecraft:cooked_mutton":2,"chococraft:gysahl_green":1,"minecraft:apple":1,"minecraft:wheat_seeds":1,"minecraft:cobbled_deepslate":23,"minecraft:spruce_planks":42,"minecraft:iron_ingot":26,"minecraft:fletching_table":1,"minecraft:iron_pickaxe":3,"minecraft:dark_oak_stairs":2,"minecraft:furnace":1,"minecraft:spruce_pressure_plate":3,"minecraft:beehive":1,"minecraft:raw_iron":4,"minecraft:green_bed":1,"minecraft:stripped_spruce_log":1,"chococraft:gysahl_green_seeds":1,"minecraft:spruce_log":9,"minecraft:arrow":4,"minecraft:rotten_flesh":1,"supplementaries:antique_ink":2,"minecraft:granite":1,"minecraft:bread":3,"minecraft:baked_potato":7,"minecraft:bricks":1,"minecraft:coal":23,"minecraft:snowball":36,"minecraft:cobblestone":27},"minecraft:crafted":{"minecraft:crafting_table":1,"minecraft:spruce_planks":36,"minecraft:iron_helmet":1,"minecraft:wooden_pickaxe":1,"minecraft:baked_potato":23,"minecraft:furnace":1,"minecraft:stone_axe":1,"minecraft:air":0,"minecraft:iron_chestplate":1,"minecraft:iron_boots":1,"minecraft:shield":1,"minecraft:stick":20,"minecraft:iron_ingot":14,"minecraft:stone_pickaxe":1,"minecraft:iron_leggings":1,"minecraft:torch":24},"minecraft:dropped":{"minecraft:iron_ingot":17,"minecraft:bread":3,"minecraft:stripped_spruce_log":1,"minecraft:wheat_seeds":1,"minecraft:lapis_lazuli":1,"minecraft:cooked_beef":2,"minecraft:baked_potato":15,"minecraft:bowl":1,"minecraft:iron_helmet":1,"minecraft:rotten_flesh":1,"minecraft:cooked_mutton":2,"minecraft:filled_map":2,"minecraft:torch":3,"minecraft:spruce_pressure_plate":1,"minecraft:wooden_sword":1,"minecraft:wooden_pickaxe":1,"minecraft:iron_pickaxe":3,"artifacts:feral_claws":1,"minecraft:beetroot_soup":1}},"DataVersion":3953}