{"stats":{"minecraft:killed":{"minecraft:cave_spider":23,"minecraft:witch":1,"minecraft:vindicator":1,"minecraft:spider":20,"minecraft:skeleton":1,"minecraft:pillager":3,"minecraft:zombie":2,"minecraft:stray":55,"minecraft:breeze":6,"minecraft:player":1,"minecraft:enderman":1},"minecraft:picked_up":{"chococraft:loverly_gysahl_green":3,"minecraft:crafting_table":5,"minecraft:ominous_bottle":7,"minecraft:flower_pot":1,"minecraft:diamond_sword":2,"minecraft:enchanted_book":4,"minecraft:potion":14,"minecraft:brick":33,"minecraft:shield":1,"minecraft:wind_charge":64,"minecraft:string":145,"minecraft:waxed_cut_copper_slab":1,"minecraft:wooden_sword":1,"artifacts:feral_claws":1,"minecraft:beetroot_soup":2,"minecraft:gold_nugget":17,"minecraft:cobbled_deepslate":165,"minecraft:spruce_planks":43,"minecraft:trial_key":20,"minecraft:chiseled_tuff":1,"minecraft:iron_pickaxe":5,"minecraft:furnace":3,"minecraft:tipped_arrow":55,"minecraft:spruce_pressure_plate":3,"minecraft:raw_iron":9,"minecraft:beehive":1,"minecraft:torch":10,"minecraft:green_bed":1,"minecraft:mace":3,"minecraft:waxed_copper_grate":6,"minecraft:redstone":7,"minecraft:music_disc_creator_music_box":2,"minecraft:brown_carpet":1,"minecraft:arrow":138,"minecraft:honey_bottle":2,"minecraft:rotten_flesh":5,"minecraft:decorated_pot":8,"farmersdelight:onion":15,"minecraft:hay_block":6,"supplementaries:antique_ink":4,"minecraft:iron_block":1,"minecraft:saddle":1,"supplementaries:ash":18,"minecraft:tuff_bricks":33,"minecraft:skeleton_skull":1,"minecraft:snowball":36,"minecraft:cobblestone":121,"minecraft:cooked_beef":7,"minecraft:golden_carrot":8,"minecraft:water_bucket":1,"minecraft:andesite":6,"minecraft:red_glazed_terracotta":2,"minecraft:red_mushroom":2,"minecraft:smoker":3,"minecraft:potato":88,"minecraft:filled_map":1,"minecraft:flint":3,"minecraft:tuff":26,"minecraft:waxed_copper_block":7,"minecraft:jungle_button":1,"minecraft:lapis_lazuli":10,"minecraft:dirt":43,"minecraft:paper":8,"minecraft:white_banner":3,"minecraft:cooked_mutton":2,"minecraft:light_blue_banner":1,"minecraft:bone":95,"chococraft:gysahl_green":51,"minecraft:apple":1,"minecraft:bow":2,"minecraft:wheat_seeds":1,"minecraft:iron_ingot":79,"minecraft:polished_tuff_slab":1,"minecraft:cooked_chicken":1,"minecraft:fletching_table":1,"minecraft:iron_sword":2,"minecraft:scrape_pottery_sherd":1,"minecraft:dark_oak_stairs":2,"minecraft:book":72,"minecraft:emerald_block":1,"minecraft:heavy_core":1,"minecraft:waxed_chiseled_copper":1,"minecraft:stripped_spruce_log":1,"chococraft:gysahl_green_seeds":8,"minecraft:spruce_log":9,"minecraft:grass_block":1,"minecraft:spider_eye":27,"minecraft:polished_tuff":6,"minecraft:diamond_shovel":1,"minecraft:diamond":4,"waystones:waystone":1,"minecraft:diamond_axe":5,"minecraft:granite":2,"minecraft:crossbow":8,"minecraft:breeze_rod":10,"minecraft:golden_apple":1,"minecraft:chainmail_helmet":1,"minecraft:emerald":65,"minecraft:bread":8,"minecraft:music_disc_precipice":2,"minecraft:baked_potato":16,"minecraft:ominous_trial_key":11,"minecraft:bricks":1,"minecraft:coal":31,"minecraft:chiseled_tuff_bricks":7,"minecraft:diamond_pickaxe":3,"minecraft:ender_pearl":2},"minecraft:crafted":{"minecraft:wind_charge":12,"minecraft:furnace":2,"minecraft:mace":1,"minecraft:iron_boots":1,"minecraft:stone_pickaxe":1,"minecraft:wheat":54,"minecraft:emerald":9,"minecraft:crafting_table":1,"minecraft:spruce_planks":36,"minecraft:iron_helmet":1,"minecraft:wooden_pickaxe":1,"minecraft:baked_potato":36,"minecraft:stone_axe":1,"minecraft:bread":18,"minecraft:air":0,"minecraft:white_wool":10,"minecraft:iron_chestplate":1,"minecraft:shield":3,"minecraft:stick":32,"minecraft:iron_ingot":25,"minecraft:iron_leggings":1,"minecraft:torch":52},"minecraft:used":{"minecraft:decorated_pot":2,"minecraft:shield":113,"minecraft:iron_sword":243,"minecraft:trial_key":9,"minecraft:cooked_chicken":1,"minecraft:torch":43,"minecraft:dirt":35,"minecraft:beehive":1,"minecraft:snowball":36,"minecraft:bricks":1,"minecraft:bow":67,"minecraft:golden_carrot":6,"minecraft:ominous_bottle":1,"minecraft:jungle_button":1,"minecraft:furnace":4,"minecraft:skeleton_skull":1,"minecraft:cooked_beef":4,"minecraft:cobbled_deepslate":104,"minecraft:beetroot_soup":1,"minecraft:water_bucket":8,"minecraft:stone_pickaxe":46,"minecraft:baked_potato":36,"minecraft:wooden_pickaxe":3,"minecraft:diamond_axe":72,"minecraft:golden_apple":1,"farmersdelight:onion":4,"minecraft:crafting_table":6,"minecraft:crossbow":17,"minecraft:smoker":1,"minecraft:polished_tuff_slab":1,"minecraft:diamond_pickaxe":21,"minecraft:apple":1,"minecraft:mace":1,"minecraft:ominous_trial_key":3,"minecraft:wind_charge":15,"minecraft:bread":30,"minecraft:iron_pickaxe":121,"minecraft:map":1,"minecraft:spruce_pressure_plate":2,"minecraft:stone_axe":24,"minecraft:diamond_sword":2,"minecraft:cobblestone":69,"minecraft:white_banner":1,"minecraft:bucket":8,"chococraft:gysahl_green":11},"minecraft:killed_by":{"minecraft:vindicator":1},"minecraft:dropped":{"minecraft:enchanted_book":2,"minecraft:iron_ingot":19,"minecraft:bread":11,"minecraft:iron_sword":2,"minecraft:stripped_spruce_log":1,"chococraft:loverly_gysahl_green":3,"minecraft:wheat_seeds":1,"minecraft:diamond_axe":1,"minecraft:lapis_lazuli":10,"minecraft:cooked_beef":3,"minecraft:baked_potato":16,"minecraft:decorated_pot":6,"minecraft:crossbow":6,"minecraft:iron_helmet":1,"minecraft:cobblestone":30,"minecraft:book":72,"minecraft:waxed_copper_grate":6,"minecraft:polished_tuff":6,"chococraft:gysahl_green_seeds":7,"minecraft:fletching_table":1,"minecraft:saddle":1,"minecraft:ominous_trial_key":8,"minecraft:chainmail_helmet":1,"minecraft:coal":8,"minecraft:red_mushroom":2,"minecraft:stick":6,"minecraft:flint":3,"minecraft:dirt":4,"minecraft:mace":2,"minecraft:torch":3,"minecraft:scrape_pottery_sherd":1,"minecraft:potion":1,"farmersdelight:onion":12,"minecraft:wooden_sword":1,"minecraft:gold_nugget":17,"minecraft:iron_axe":1,"minecraft:iron_pickaxe":6,"artifacts:feral_claws":1,"minecraft:paper":8,"minecraft:string":7,"minecraft:redstone":7,"minecraft:beetroot_soup":2,"minecraft:bone":43,"minecraft:gold_ingot":1,"minecraft:waxed_cut_copper_slab":1,"minecraft:red_glazed_terracotta":2,"minecraft:furnace":2,"minecraft:stone_axe":1,"minecraft:tuff_bricks":33,"minecraft:compass":1,"minecraft:chiseled_tuff_bricks":7,"minecraft:cobbled_deepslate":65,"minecraft:bowl":1,"minecraft:green_bed":1,"minecraft:tuff":24,"minecraft:raw_iron":5,"minecraft:rotten_flesh":5,"minecraft:smoker":2,"minecraft:diamond_shovel":1,"minecraft:cooked_mutton":2,"minecraft:honey_bottle":2,"minecraft:waxed_copper_block":7,"supplementaries:antique_ink":4,"minecraft:wind_charge":47,"minecraft:filled_map":2,"supplementaries:ash":12,"minecraft:tipped_arrow":28,"minecraft:flower_pot":1,"minecraft:trial_key":11,"minecraft:diamond_pickaxe":2,"minecraft:spruce_pressure_plate":1,"minecraft:spider_eye":27,"minecraft:waxed_chiseled_copper":1,"minecraft:chiseled_tuff":1,"minecraft:arrow":39,"minecraft:wooden_pickaxe":1,"minecraft:raw_gold":4,"chococraft:gysahl_green":1,"minecraft:brick":33},"minecraft:custom":{"minecraft:mob_kills":119,"minecraft:interact_with_crafting_table":15,"minecraft:open_barrel":9,"minecraft:bell_ring":4,"minecraft:damage_dealt_resisted":44,"minecraft:eat_cake_slice":1,"minecraft:leave_game":2,"minecraft:time_since_death":13540,"minecraft:climb_one_cm":8890,"minecraft:sprint_one_cm":627000,"minecraft:walk_one_cm":690190,"minecraft:damage_blocked_by_shield":2710,"minecraft:drop":164,"minecraft:talked_to_villager":5,"minecraft:raid_win":1,"minecraft:deaths":1,"minecraft:play_time":198689,"minecraft:sneak_time":7717,"minecraft:walk_under_water_one_cm":2989,"minecraft:jump":3248,"minecraft:walk_on_water_one_cm":27899,"minecraft:total_world_time":198689,"minecraft:interact_with_furnace":39,"minecraft:tune_noteblock":12,"minecraft:sleep_in_bed":4,"minecraft:time_since_rest":2122,"minecraft:waystone_activated":4,"minecraft:damage_taken":3948,"minecraft:damage_absorbed":39,"minecraft:damage_dealt":18096,"minecraft:swim_one_cm":2049,"minecraft:fly_one_cm":563830,"minecraft:player_kills":1,"minecraft:open_chest":57,"minecraft:crouch_one_cm":24832,"minecraft:interact_with_smoker":14,"minecraft:fall_one_cm":81148,"minecraft:inspect_dispenser":9},"minecraft:broken":{"minecraft:iron_sword":1},"minecraft:mined":{"minecraft:tuff":6,"minecraft:spruce_planks":1,"farmersdelight:onions":6,"minecraft:grass_block":5,"minecraft:decorated_pot":12,"minecraft:spruce_leaves":4,"minecraft:chiseled_tuff_bricks":4,"minecraft:tuff_bricks":12,"minecraft:hay_block":6,"minecraft:light_blue_wall_banner":1,"minecraft:furnace":3,"minecraft:waxed_copper_grate":7,"minecraft:iron_ore":6,"minecraft:fire":1,"minecraft:cobbled_deepslate":3,"minecraft:polished_tuff":1,"minecraft:fletching_table":1,"minecraft:gold_block":1,"minecraft:dark_oak_stairs":2,"minecraft:chiseled_tuff":1,"chococraft:gysahl_green":22,"minecraft:bookshelf":11,"minecraft:potatoes":27,"minecraft:cobblestone_slab":1,"minecraft:dirt_path":3,"minecraft:deepslate_iron_ore":7,"minecraft:spruce_pressure_plate":2,"minecraft:stone":43,"minecraft:green_bed":1,"minecraft:smoker":2,"minecraft:crafting_table":5,"minecraft:short_grass":5,"minecraft:cobblestone":18,"minecraft:waxed_chiseled_copper":1,"minecraft:bricks":1,"minecraft:wall_torch":2,"supplementaries:urn":4,"minecraft:beehive":1,"minecraft:ice":1,"minecraft:spruce_log":10,"minecraft:waxed_copper_block":4,"minecraft:coal_ore":13,"minecraft:dirt":17,"minecraft:cobweb":7,"minecraft:deepslate":61}},"DataVersion":3953}