{"stats":{"minecraft:killed":{"minecraft:cave_spider":31,"minecraft:spider":11,"minecraft:skeleton":3,"minecraft:wolf":1,"minecraft:pillager":1,"minecraft:zombie":15,"minecraft:stray":20,"minecraft:breeze":4},"minecraft:picked_up":{"minecraft:iron_chestplate":1,"minecraft:crafting_table":2,"chococraft:loverly_gysahl_green":2,"minecraft:wheat":44,"minecraft:ominous_bottle":24,"minecraft:flower_pot":6,"minecraft:clay_ball":120,"minecraft:potion":14,"minecraft:enchanted_book":15,"minecraft:music_disc_creator":4,"minecraft:diamond_horse_armor":1,"minecraft:brick":8,"minecraft:wind_charge":141,"minecraft:string":231,"minecraft:iron_axe":1,"artifacts:feral_claws":1,"minecraft:beetroot_soup":7,"minecraft:item_frame":1,"minecraft:cobbled_deepslate":39,"minecraft:spruce_planks":23,"minecraft:trial_key":89,"minecraft:iron_pickaxe":12,"minecraft:guster_pottery_sherd":2,"minecraft:enchanted_golden_apple":2,"minecraft:waxed_oxidized_copper":2,"minecraft:tipped_arrow":74,"minecraft:stick":1,"minecraft:raw_iron":96,"minecraft:torch":10,"minecraft:flow_pottery_sherd":2,"minecraft:mace":5,"minecraft:waxed_copper_grate":11,"minecraft:diorite":33,"minecraft:carrot":33,"minecraft:redstone":142,"minecraft:arrow":145,"minecraft:honey_bottle":14,"minecraft:rotten_flesh":8,"minecraft:decorated_pot":12,"farmersdelight:onion":3,"minecraft:iron_block":11,"minecraft:saddle":1,"minecraft:tuff_bricks":1,"minecraft:snowball":83,"minecraft:skeleton_skull":2,"minecraft:cobblestone":397,"minecraft:feather":30,"minecraft:cooked_beef":82,"minecraft:golden_carrot":6,"minecraft:red_glazed_terracotta":1,"minecraft:smoker":3,"minecraft:filled_map":6,"minecraft:flint":8,"minecraft:gunpowder":4,"minecraft:paper":8,"minecraft:lapis_lazuli":44,"minecraft:dirt":22,"minecraft:name_tag":5,"minecraft:cooked_mutton":2,"minecraft:bone":87,"chococraft:gysahl_green":84,"minecraft:apple":5,"minecraft:raw_gold":29,"minecraft:iron_ingot":34,"minecraft:cooked_chicken":3,"minecraft:cobweb":1,"minecraft:guster_banner_pattern":5,"minecraft:glass_bottle":1,"minecraft:iron_sword":7,"minecraft:book":144,"minecraft:heavy_core":1,"minecraft:gravel":27,"minecraft:spruce_sapling":6,"chococraft:gysahl_green_seeds":10,"minecraft:dead_bush":1,"minecraft:spruce_log":27,"minecraft:polished_tuff":1,"minecraft:spider_eye":73,"travelersbackpack:standard":1,"minecraft:diamond_shovel":2,"minecraft:diamond":41,"minecraft:polished_diorite":4,"minecraft:iron_helmet":1,"minecraft:breeze_rod":13,"minecraft:crossbow":14,"minecraft:diamond_axe":5,"minecraft:spruce_sign":2,"minecraft:golden_apple":2,"minecraft:emerald":59,"minecraft:bread":12,"minecraft:golden_horse_armor":1,"minecraft:chainmail_helmet":1,"minecraft:baked_potato":26,"minecraft:ominous_trial_key":3,"minecraft:coal":20,"minecraft:ender_pearl":2},"minecraft:crafted":{"minecraft:wooden_sword":1,"minecraft:mace":1,"minecraft:iron_boots":2,"minecraft:chest":2,"minecraft:spruce_sign":3,"minecraft:spruce_planks":104,"minecraft:baked_potato":3,"minecraft:iron_sword":1,"minecraft:bread":8,"minecraft:air":0,"minecraft:charcoal":1,"minecraft:shield":1,"minecraft:stick":16,"minecraft:iron_ingot":31,"minecraft:iron_pickaxe":4,"minecraft:iron_leggings":2,"minecraft:torch":4},"minecraft:used":{"minecraft:chest":2,"minecraft:spruce_planks":18,"minecraft:shield":29,"minecraft:iron_sword":218,"minecraft:cooked_chicken":2,"minecraft:trial_key":9,"minecraft:torch":3,"minecraft:dirt":4,"minecraft:carrot":15,"minecraft:waxed_copper_grate":1,"minecraft:waxed_oxidized_copper":1,"minecraft:iron_axe":9,"minecraft:cooked_beef":13,"minecraft:enchanted_golden_apple":1,"minecraft:cooked_mutton":2,"minecraft:baked_potato":15,"minecraft:spruce_sign":4,"minecraft:diamond_axe":107,"minecraft:crafting_table":1,"minecraft:crossbow":20,"minecraft:apple":2,"minecraft:ominous_trial_key":3,"minecraft:mace":1,"minecraft:wind_charge":3,"minecraft:bread":19,"minecraft:iron_pickaxe":573,"minecraft:gravel":4,"minecraft:wooden_sword":61,"minecraft:cobblestone":11,"chococraft:gysahl_green":29},"minecraft:killed_by":{"minecraft:player":1,"minecraft:stray":1,"creepycreepers:tuff_creeper":1,"minecraft:vindicator":1,"minecraft:cave_spider":1},"minecraft:dropped":{"minecraft:guster_pottery_sherd":1,"minecraft:iron_ingot":26,"minecraft:iron_sword":2,"chococraft:loverly_gysahl_green":2,"minecraft:glass_bottle":1,"minecraft:decorated_pot":6,"minecraft:crossbow":1,"minecraft:cobblestone":185,"minecraft:waxed_copper_grate":4,"minecraft:polished_tuff":1,"minecraft:chainmail_helmet":2,"minecraft:coal":6,"minecraft:stick":2,"minecraft:flint":6,"minecraft:dirt":9,"minecraft:mace":2,"minecraft:snowball":3,"minecraft:dead_bush":1,"farmersdelight:onion":3,"minecraft:wooden_sword":1,"minecraft:iron_pickaxe":2,"minecraft:paper":8,"minecraft:beetroot_soup":2,"minecraft:red_glazed_terracotta":1,"minecraft:tuff_bricks":1,"minecraft:flow_pottery_sherd":1,"minecraft:cobbled_deepslate":24,"minecraft:wheat":6,"minecraft:rotten_flesh":2,"minecraft:smoker":3,"minecraft:wind_charge":21,"minecraft:flower_pot":3,"minecraft:trial_key":11,"minecraft:spruce_planks":42,"minecraft:iron_chestplate":1,"chococraft:gysahl_green":5,"minecraft:brick":4},"minecraft:custom":{"minecraft:mob_kills":93,"minecraft:interact_with_crafting_table":24,"minecraft:open_barrel":7,"minecraft:damage_dealt_resisted":58,"minecraft:leave_game":5,"minecraft:time_since_death":14876,"minecraft:damage_resisted":86,"minecraft:climb_one_cm":8346,"minecraft:sprint_one_cm":612185,"minecraft:walk_one_cm":886176,"minecraft:damage_blocked_by_shield":815,"minecraft:drop":59,"minecraft:talked_to_villager":2,"minecraft:raid_win":1,"minecraft:play_time":221565,"minecraft:sneak_time":470,"minecraft:deaths":6,"minecraft:walk_under_water_one_cm":7267,"minecraft:jump":2150,"minecraft:walk_on_water_one_cm":35761,"minecraft:total_world_time":221565,"minecraft:interact_with_furnace":18,"minecraft:pot_flower":1,"minecraft:sleep_in_bed":3,"minecraft:time_since_rest":14912,"minecraft:waystone_activated":3,"minecraft:damage_taken":6138,"minecraft:damage_absorbed":160,"minecraft:damage_dealt":16228,"minecraft:fly_one_cm":276745,"minecraft:open_chest":85,"minecraft:crouch_one_cm":1934,"minecraft:interact_with_smoker":6,"minecraft:fall_one_cm":49271,"minecraft:inspect_dispenser":6},"minecraft:broken":{"minecraft:iron_boots":1,"minecraft:iron_pickaxe":1,"minecraft:iron_helmet":1},"minecraft:mined":{"minecraft:tuff":14,"minecraft:deepslate_diamond_ore":23,"minecraft:granite":3,"minecraft:grass_block":2,"minecraft:decorated_pot":1,"minecraft:polished_diorite":4,"minecraft:spruce_leaves":20,"minecraft:redstone_ore":2,"minecraft:carrots":4,"minecraft:iron_ore":39,"minecraft:andesite":1,"minecraft:deepslate_lapis_ore":3,"chococraft:gysahl_green":10,"minecraft:deepslate_iron_ore":24,"minecraft:stone":147,"minecraft:deepslate_redstone_ore":17,"minecraft:crafting_table":1,"minecraft:clay":15,"minecraft:torch":1,"minecraft:copper_ore":1,"minecraft:cobblestone":2,"minecraft:lapis_ore":1,"minecraft:deepslate_gold_ore":9,"minecraft:diorite":18,"minecraft:spruce_sign":2,"minecraft:wall_torch":2,"minecraft:wheat":28,"minecraft:spruce_log":27,"minecraft:coal_ore":12,"minecraft:gravel":15,"minecraft:dirt":13,"minecraft:cobweb":8,"minecraft:deepslate":243}},"DataVersion":3953}