{"stats":{"minecraft:broken":{"minecraft:iron_pickaxe":1},"minecraft:used":{"minecraft:cooked_mutton":2,"minecraft:shield":4,"minecraft:iron_sword":31,"minecraft:torch":2,"minecraft:dirt":4,"minecraft:carrot":2,"minecraft:bread":11,"minecraft:iron_pickaxe":203,"minecraft:wooden_sword":61,"minecraft:cobblestone":7,"minecraft:cooked_beef":2},"minecraft:custom":{"minecraft:interact_with_furnace":12,"minecraft:mob_kills":12,"minecraft:interact_with_crafting_table":13,"minecraft:open_barrel":2,"minecraft:leave_game":2,"minecraft:time_since_death":78652,"minecraft:sleep_in_bed":1,"minecraft:climb_one_cm":1697,"minecraft:time_since_rest":56030,"minecraft:waystone_activated":2,"minecraft:sprint_one_cm":245553,"minecraft:damage_taken":858,"minecraft:walk_one_cm":274154,"minecraft:damage_blocked_by_shield":115,"minecraft:drop":9,"minecraft:damage_dealt":2076,"minecraft:talked_to_villager":2,"minecraft:fly_one_cm":144153,"minecraft:open_chest":21,"minecraft:crouch_one_cm":874,"minecraft:play_time":78652,"minecraft:sneak_time":142,"minecraft:walk_under_water_one_cm":3455,"minecraft:jump":997,"minecraft:walk_on_water_one_cm":21289,"minecraft:total_world_time":78652,"minecraft:interact_with_smoker":6,"minecraft:fall_one_cm":18278},"minecraft:mined":{"minecraft:deepslate_redstone_ore":1,"minecraft:deepslate_diamond_ore":4,"minecraft:clay":15,"minecraft:torch":1,"minecraft:granite":3,"minecraft:grass_block":2,"minecraft:copper_ore":1,"minecraft:cobblestone":2,"minecraft:spruce_leaves":19,"minecraft:deepslate_gold_ore":2,"minecraft:lapis_ore":1,"minecraft:wall_torch":1,"minecraft:redstone_ore":2,"minecraft:carrots":4,"minecraft:iron_ore":34,"minecraft:wheat":28,"minecraft:spruce_log":18,"minecraft:andesite":1,"minecraft:deepslate_lapis_ore":3,"chococraft:gysahl_green":10,"minecraft:coal_ore":12,"minecraft:deepslate_iron_ore":16,"minecraft:dirt":4,"minecraft:stone":72,"minecraft:deepslate":48},"minecraft:killed":{"minecraft:skeleton":2,"minecraft:zombie":6,"minecraft:stray":1},"minecraft:picked_up":{"chococraft:loverly_gysahl_green":2,"minecraft:wheat":26,"minecraft:cooked_beef":2,"minecraft:clay_ball":60,"minecraft:smoker":1,"minecraft:filled_map":1,"minecraft:lapis_lazuli":22,"minecraft:dirt":13,"artifacts:feral_claws":1,"minecraft:beetroot_soup":1,"minecraft:cooked_mutton":2,"minecraft:bone":7,"chococraft:gysahl_green":29,"minecraft:cobbled_deepslate":24,"minecraft:raw_gold":2,"minecraft:iron_ingot":19,"minecraft:iron_pickaxe":1,"minecraft:stick":1,"minecraft:raw_iron":51,"minecraft:torch":5,"chococraft:gysahl_green_seeds":10,"minecraft:spruce_sapling":6,"minecraft:carrot":15,"minecraft:spruce_log":18,"minecraft:redstone":14,"minecraft:diamond_shovel":1,"minecraft:rotten_flesh":3,"minecraft:arrow":4,"minecraft:diamond":3,"minecraft:iron_helmet":1,"minecraft:bread":3,"minecraft:baked_potato":8,"minecraft:skeleton_skull":1,"minecraft:coal":14,"minecraft:snowball":83,"minecraft:cobblestone":71,"minecraft:ender_pearl":1},"minecraft:crafted":{"minecraft:wooden_sword":1,"minecraft:spruce_planks":72,"minecraft:baked_potato":3,"minecraft:iron_sword":1,"minecraft:bread":8,"minecraft:air":0,"minecraft:iron_boots":1,"minecraft:shield":1,"minecraft:stick":4,"minecraft:iron_ingot":22,"minecraft:iron_leggings":1},"minecraft:dropped":{"minecraft:iron_ingot":26,"chococraft:loverly_gysahl_green":2,"minecraft:rotten_flesh":2,"minecraft:dirt":9,"minecraft:spruce_planks":42,"minecraft:snowball":3,"minecraft:wooden_sword":1,"minecraft:beetroot_soup":2}},"DataVersion":3953}