{"stats":{"minecraft:killed":{"minecraft:cave_spider":31,"minecraft:spider":11,"minecraft:skeleton":5,"minecraft:wolf":1,"minecraft:pillager":1,"minecraft:zombie":15,"minecraft:stray":20,"minecraft:breeze":4},"minecraft:picked_up":{"minecraft:iron_chestplate":1,"chococraft:loverly_gysahl_green":2,"minecraft:crafting_table":2,"minecraft:wheat":50,"minecraft:ominous_bottle":24,"minecraft:clay_ball":120,"minecraft:flower_pot":6,"minecraft:diamond_sword":3,"minecraft:potion":14,"minecraft:enchanted_book":15,"minecraft:music_disc_creator":4,"minecraft:diamond_horse_armor":1,"minecraft:brick":8,"minecraft:shield":1,"minecraft:wind_charge":141,"minecraft:string":238,"minecraft:iron_axe":1,"minecraft:item_frame":1,"artifacts:feral_claws":1,"minecraft:beetroot_soup":8,"minecraft:cobbled_deepslate":263,"minecraft:spruce_planks":23,"minecraft:trial_key":89,"minecraft:iron_pickaxe":19,"minecraft:enchanted_golden_apple":2,"minecraft:guster_pottery_sherd":2,"minecraft:waxed_oxidized_copper":2,"minecraft:tipped_arrow":74,"minecraft:stick":1,"minecraft:raw_iron":124,"minecraft:torch":27,"minecraft:flow_pottery_sherd":2,"farmersdelight:tomato_seeds":6,"minecraft:mace":5,"minecraft:waxed_copper_grate":11,"minecraft:diorite":33,"minecraft:carrot":33,"minecraft:redstone":206,"minecraft:arrow":162,"minecraft:honey_bottle":22,"minecraft:rotten_flesh":13,"minecraft:decorated_pot":12,"farmersdelight:onion":3,"minecraft:iron_block":11,"farmersdelight:rope":50,"minecraft:saddle":1,"minecraft:tuff_bricks":1,"minecraft:glow_berries":12,"minecraft:skeleton_skull":2,"minecraft:snowball":83,"minecraft:cobblestone":462,"minecraft:cooked_beef":84,"minecraft:feather":30,"minecraft:golden_carrot":6,"minecraft:red_glazed_terracotta":1,"minecraft:smoker":3,"minecraft:filled_map":6,"minecraft:flint":9,"minecraft:gunpowder":5,"minecraft:paper":8,"minecraft:lapis_lazuli":44,"minecraft:dirt":22,"minecraft:name_tag":7,"minecraft:cooked_mutton":2,"minecraft:bone":94,"chococraft:gysahl_green":84,"minecraft:apple":5,"minecraft:raw_gold":29,"minecraft:iron_ingot":37,"minecraft:cooked_chicken":3,"minecraft:cobweb":1,"minecraft:guster_banner_pattern":5,"minecraft:glass_bottle":1,"minecraft:iron_sword":7,"minecraft:oak_planks":2,"minecraft:book":144,"minecraft:heavy_core":1,"minecraft:gravel":37,"minecraft:amethyst_shard":1,"minecraft:spruce_sapling":6,"chococraft:gysahl_green_seeds":10,"minecraft:dead_bush":1,"minecraft:spruce_log":27,"minecraft:spider_eye":75,"minecraft:polished_tuff":1,"travelersbackpack:standard":2,"minecraft:diamond_shovel":2,"minecraft:diamond":45,"minecraft:polished_diorite":4,"minecraft:iron_helmet":1,"minecraft:crossbow":16,"minecraft:breeze_rod":13,"minecraft:diamond_axe":7,"minecraft:golden_apple":3,"minecraft:emerald":59,"minecraft:golden_horse_armor":1,"minecraft:spruce_sign":2,"minecraft:chainmail_helmet":1,"minecraft:bread":19,"minecraft:baked_potato":26,"minecraft:ominous_trial_key":3,"minecraft:coal":20,"minecraft:diamond_pickaxe":2,"minecraft:ender_pearl":3},"minecraft:crafted":{"minecraft:wooden_sword":1,"minecraft:mace":1,"minecraft:iron_boots":2,"minecraft:chest":2,"minecraft:spruce_sign":3,"minecraft:spruce_planks":104,"minecraft:baked_potato":3,"minecraft:iron_sword":1,"minecraft:air":0,"minecraft:bread":8,"minecraft:charcoal":1,"minecraft:shield":1,"minecraft:stick":16,"minecraft:iron_ingot":31,"minecraft:iron_pickaxe":4,"minecraft:iron_leggings":2,"minecraft:torch":4},"minecraft:used":{"minecraft:chest":2,"minecraft:spruce_planks":18,"minecraft:shield":49,"minecraft:iron_sword":218,"minecraft:cooked_chicken":2,"minecraft:trial_key":9,"minecraft:torch":3,"minecraft:dirt":4,"minecraft:carrot":15,"minecraft:waxed_copper_grate":1,"minecraft:honey_bottle":2,"minecraft:waxed_oxidized_copper":1,"minecraft:iron_axe":9,"minecraft:cooked_beef":16,"minecraft:enchanted_golden_apple":1,"minecraft:cooked_mutton":2,"minecraft:diorite":15,"minecraft:baked_potato":15,"minecraft:diamond_axe":112,"minecraft:spruce_sign":4,"minecraft:crafting_table":1,"minecraft:crossbow":40,"minecraft:diamond_pickaxe":26,"minecraft:apple":2,"minecraft:mace":1,"minecraft:ominous_trial_key":3,"minecraft:wind_charge":3,"minecraft:bread":23,"minecraft:iron_pickaxe":894,"minecraft:gravel":9,"minecraft:diamond_sword":28,"minecraft:wooden_sword":61,"minecraft:cobblestone":12,"chococraft:gysahl_green":29},"minecraft:killed_by":{"minecraft:player":1,"minecraft:stray":1,"minecraft:enderman":1,"creepycreepers:tuff_creeper":1,"minecraft:vindicator":1,"minecraft:cave_spider":1,"minecraft:skeleton":1},"minecraft:dropped":{"minecraft:guster_pottery_sherd":1,"minecraft:iron_ingot":26,"minecraft:iron_sword":2,"chococraft:loverly_gysahl_green":2,"minecraft:glass_bottle":1,"minecraft:decorated_pot":6,"minecraft:crossbow":1,"minecraft:cobblestone":186,"minecraft:waxed_copper_grate":4,"minecraft:polished_tuff":1,"travelersbackpack:standard":1,"minecraft:chainmail_helmet":2,"minecraft:coal":12,"minecraft:stick":2,"minecraft:flint":6,"minecraft:dirt":9,"minecraft:mace":2,"minecraft:snowball":3,"minecraft:dead_bush":1,"farmersdelight:onion":3,"minecraft:wooden_sword":1,"minecraft:iron_pickaxe":2,"minecraft:paper":8,"minecraft:beetroot_soup":2,"minecraft:red_glazed_terracotta":1,"minecraft:tuff_bricks":1,"minecraft:flow_pottery_sherd":1,"minecraft:cobbled_deepslate":24,"minecraft:wheat":6,"minecraft:rotten_flesh":2,"minecraft:smoker":3,"minecraft:wind_charge":21,"minecraft:shield":1,"minecraft:flower_pot":3,"minecraft:trial_key":11,"minecraft:spruce_planks":42,"minecraft:diamond_pickaxe":1,"minecraft:iron_chestplate":1,"chococraft:gysahl_green":5,"minecraft:brick":4},"minecraft:custom":{"minecraft:mob_kills":95,"minecraft:interact_with_crafting_table":24,"minecraft:open_barrel":8,"minecraft:damage_dealt_resisted":58,"minecraft:leave_game":6,"minecraft:time_since_death":6477,"minecraft:damage_resisted":86,"minecraft:climb_one_cm":8346,"minecraft:sprint_one_cm":714616,"minecraft:walk_one_cm":1039894,"minecraft:damage_blocked_by_shield":3540,"minecraft:drop":64,"minecraft:talked_to_villager":2,"minecraft:raid_win":1,"minecraft:play_time":257304,"minecraft:sneak_time":1472,"minecraft:deaths":8,"minecraft:walk_under_water_one_cm":9387,"minecraft:jump":2434,"minecraft:walk_on_water_one_cm":42817,"minecraft:total_world_time":257304,"minecraft:interact_with_furnace":18,"minecraft:interact_with_cartography_table":4,"minecraft:pot_flower":1,"minecraft:sleep_in_bed":3,"minecraft:time_since_rest":6550,"minecraft:waystone_activated":3,"minecraft:damage_taken":7236,"minecraft:damage_absorbed":160,"minecraft:damage_dealt":17934,"minecraft:fly_one_cm":305564,"minecraft:open_chest":92,"minecraft:crouch_one_cm":4670,"minecraft:interact_with_smoker":6,"minecraft:fall_one_cm":53772,"minecraft:inspect_dispenser":6},"minecraft:broken":{"minecraft:iron_boots":1,"minecraft:shield":1,"minecraft:iron_pickaxe":2,"minecraft:iron_helmet":1},"minecraft:mined":{"minecraft:tuff":30,"minecraft:deepslate_diamond_ore":27,"minecraft:granite":3,"minecraft:grass_block":2,"minecraft:decorated_pot":1,"minecraft:polished_diorite":4,"minecraft:spruce_leaves":20,"minecraft:redstone_ore":2,"minecraft:carrots":4,"minecraft:iron_ore":39,"minecraft:andesite":1,"minecraft:deepslate_lapis_ore":3,"chococraft:gysahl_green":10,"minecraft:deepslate_iron_ore":25,"minecraft:stone":147,"minecraft:deepslate_redstone_ore":18,"minecraft:clay":15,"minecraft:crafting_table":1,"minecraft:torch":1,"minecraft:copper_ore":1,"minecraft:cobblestone":2,"minecraft:lapis_ore":1,"minecraft:deepslate_gold_ore":11,"minecraft:oak_planks":1,"minecraft:wall_torch":2,"minecraft:diorite":18,"minecraft:spruce_sign":2,"minecraft:wheat":28,"minecraft:spruce_log":27,"minecraft:coal_ore":12,"minecraft:gravel":15,"minecraft:dirt":13,"minecraft:cobweb":8,"minecraft:deepslate":586}},"DataVersion":3953}