{"stats":{"minecraft:killed":{"minecraft:cave_spider":25,"minecraft:spider":11,"minecraft:skeleton":2,"minecraft:pillager":1,"minecraft:zombie":8,"minecraft:stray":20,"minecraft:breeze":4},"minecraft:picked_up":{"minecraft:iron_chestplate":1,"minecraft:crafting_table":2,"chococraft:loverly_gysahl_green":2,"minecraft:wheat":38,"minecraft:ominous_bottle":24,"minecraft:flower_pot":6,"minecraft:clay_ball":120,"minecraft:potion":14,"minecraft:enchanted_book":15,"minecraft:music_disc_creator":4,"minecraft:diamond_horse_armor":1,"minecraft:brick":8,"minecraft:wind_charge":141,"minecraft:string":228,"minecraft:iron_axe":1,"artifacts:feral_claws":1,"minecraft:beetroot_soup":6,"minecraft:item_frame":1,"minecraft:cobbled_deepslate":24,"minecraft:spruce_planks":23,"minecraft:trial_key":89,"minecraft:iron_pickaxe":8,"minecraft:guster_pottery_sherd":2,"minecraft:enchanted_golden_apple":2,"minecraft:waxed_oxidized_copper":2,"minecraft:tipped_arrow":74,"minecraft:stick":1,"minecraft:raw_iron":78,"minecraft:torch":5,"minecraft:flow_pottery_sherd":2,"minecraft:mace":5,"minecraft:waxed_copper_grate":11,"minecraft:carrot":33,"minecraft:redstone":114,"minecraft:arrow":134,"minecraft:honey_bottle":10,"minecraft:rotten_flesh":3,"minecraft:decorated_pot":12,"farmersdelight:onion":3,"minecraft:iron_block":11,"minecraft:saddle":1,"minecraft:tuff_bricks":1,"minecraft:snowball":83,"minecraft:skeleton_skull":2,"minecraft:cobblestone":256,"minecraft:feather":30,"minecraft:cooked_beef":68,"minecraft:golden_carrot":6,"minecraft:red_glazed_terracotta":1,"minecraft:smoker":3,"minecraft:filled_map":6,"minecraft:flint":6,"minecraft:gunpowder":3,"minecraft:paper":8,"minecraft:lapis_lazuli":44,"minecraft:dirt":13,"minecraft:name_tag":5,"minecraft:cooked_mutton":2,"minecraft:bone":85,"chococraft:gysahl_green":84,"minecraft:apple":5,"minecraft:raw_gold":29,"minecraft:iron_ingot":33,"minecraft:cooked_chicken":3,"minecraft:guster_banner_pattern":5,"minecraft:glass_bottle":1,"minecraft:iron_sword":7,"minecraft:book":144,"minecraft:heavy_core":1,"minecraft:spruce_sapling":6,"chococraft:gysahl_green_seeds":10,"minecraft:dead_bush":1,"minecraft:spruce_log":26,"minecraft:polished_tuff":1,"minecraft:spider_eye":71,"travelersbackpack:standard":1,"minecraft:diamond_shovel":2,"minecraft:diamond":27,"minecraft:iron_helmet":1,"minecraft:breeze_rod":13,"minecraft:crossbow":13,"minecraft:diamond_axe":4,"minecraft:spruce_sign":2,"minecraft:golden_apple":2,"minecraft:emerald":59,"minecraft:bread":12,"minecraft:golden_horse_armor":1,"minecraft:chainmail_helmet":1,"minecraft:baked_potato":26,"minecraft:ominous_trial_key":3,"minecraft:coal":20,"minecraft:ender_pearl":2},"minecraft:crafted":{"minecraft:wooden_sword":1,"minecraft:mace":1,"minecraft:iron_boots":1,"minecraft:chest":2,"minecraft:spruce_sign":3,"minecraft:spruce_planks":104,"minecraft:baked_potato":3,"minecraft:iron_sword":1,"minecraft:bread":8,"minecraft:air":0,"minecraft:shield":1,"minecraft:stick":12,"minecraft:iron_ingot":22,"minecraft:iron_pickaxe":1,"minecraft:iron_leggings":1},"minecraft:used":{"minecraft:chest":2,"minecraft:spruce_planks":18,"minecraft:shield":25,"minecraft:iron_sword":218,"minecraft:cooked_chicken":2,"minecraft:trial_key":9,"minecraft:torch":2,"minecraft:dirt":4,"minecraft:carrot":15,"minecraft:waxed_copper_grate":1,"minecraft:waxed_oxidized_copper":1,"minecraft:iron_axe":9,"minecraft:cooked_beef":2,"minecraft:enchanted_golden_apple":1,"minecraft:cooked_mutton":2,"minecraft:baked_potato":15,"minecraft:spruce_sign":2,"minecraft:diamond_axe":69,"minecraft:crafting_table":1,"minecraft:crossbow":16,"minecraft:apple":2,"minecraft:ominous_trial_key":3,"minecraft:mace":1,"minecraft:wind_charge":3,"minecraft:bread":19,"minecraft:iron_pickaxe":427,"minecraft:wooden_sword":61,"minecraft:cobblestone":10,"chococraft:gysahl_green":24},"minecraft:killed_by":{"minecraft:player":1,"minecraft:stray":1,"minecraft:vindicator":1,"minecraft:cave_spider":1},"minecraft:dropped":{"minecraft:guster_pottery_sherd":1,"minecraft:iron_ingot":26,"minecraft:iron_sword":2,"chococraft:loverly_gysahl_green":2,"minecraft:glass_bottle":1,"minecraft:decorated_pot":6,"minecraft:crossbow":1,"minecraft:cobblestone":185,"minecraft:waxed_copper_grate":4,"minecraft:polished_tuff":1,"minecraft:chainmail_helmet":2,"minecraft:coal":6,"minecraft:stick":2,"minecraft:flint":6,"minecraft:dirt":9,"minecraft:mace":2,"minecraft:snowball":3,"minecraft:dead_bush":1,"farmersdelight:onion":3,"minecraft:wooden_sword":1,"minecraft:iron_pickaxe":2,"minecraft:paper":8,"minecraft:beetroot_soup":2,"minecraft:red_glazed_terracotta":1,"minecraft:tuff_bricks":1,"minecraft:flow_pottery_sherd":1,"minecraft:cobbled_deepslate":24,"minecraft:wheat":6,"minecraft:rotten_flesh":2,"minecraft:smoker":3,"minecraft:wind_charge":21,"minecraft:flower_pot":3,"minecraft:trial_key":11,"minecraft:spruce_planks":42,"minecraft:iron_chestplate":1,"chococraft:gysahl_green":5,"minecraft:brick":4},"minecraft:custom":{"minecraft:mob_kills":77,"minecraft:interact_with_crafting_table":19,"minecraft:open_barrel":4,"minecraft:damage_dealt_resisted":58,"minecraft:leave_game":5,"minecraft:time_since_death":18620,"minecraft:damage_resisted":86,"minecraft:climb_one_cm":8346,"minecraft:sprint_one_cm":542998,"minecraft:walk_one_cm":761709,"minecraft:damage_blocked_by_shield":590,"minecraft:drop":59,"minecraft:talked_to_villager":2,"minecraft:raid_win":1,"minecraft:play_time":191565,"minecraft:sneak_time":201,"minecraft:deaths":5,"minecraft:walk_under_water_one_cm":7267,"minecraft:jump":1940,"minecraft:walk_on_water_one_cm":31415,"minecraft:total_world_time":191565,"minecraft:interact_with_furnace":13,"minecraft:sleep_in_bed":2,"minecraft:time_since_rest":8122,"minecraft:waystone_activated":3,"minecraft:damage_taken":4550,"minecraft:damage_absorbed":160,"minecraft:damage_dealt":13922,"minecraft:fly_one_cm":257111,"minecraft:open_chest":63,"minecraft:crouch_one_cm":1234,"minecraft:interact_with_smoker":6,"minecraft:fall_one_cm":46896,"minecraft:inspect_dispenser":6},"minecraft:broken":{"minecraft:iron_boots":1,"minecraft:iron_pickaxe":1,"minecraft:iron_helmet":1},"minecraft:mined":{"minecraft:tuff":14,"minecraft:deepslate_diamond_ore":9,"minecraft:granite":3,"minecraft:grass_block":2,"minecraft:decorated_pot":1,"minecraft:spruce_leaves":20,"minecraft:redstone_ore":2,"minecraft:carrots":4,"minecraft:iron_ore":34,"minecraft:andesite":1,"minecraft:deepslate_lapis_ore":3,"chococraft:gysahl_green":10,"minecraft:deepslate_iron_ore":16,"minecraft:stone":72,"minecraft:deepslate_redstone_ore":11,"minecraft:crafting_table":1,"minecraft:clay":15,"minecraft:torch":1,"minecraft:copper_ore":1,"minecraft:cobblestone":2,"minecraft:lapis_ore":1,"minecraft:deepslate_gold_ore":9,"minecraft:spruce_sign":2,"minecraft:wall_torch":1,"minecraft:wheat":28,"minecraft:spruce_log":26,"minecraft:coal_ore":12,"minecraft:dirt":4,"minecraft:cobweb":8,"minecraft:deepslate":236}},"DataVersion":3953}