{"stats":{"minecraft:mined":{"minecraft:carrots":4,"minecraft:deepslate_diamond_ore":2,"minecraft:iron_ore":19,"minecraft:spruce_log":18,"minecraft:andesite":1,"minecraft:deepslate_lapis_ore":3,"minecraft:torch":1,"minecraft:granite":1,"minecraft:deepslate_iron_ore":4,"chococraft:gysahl_green":10,"minecraft:grass_block":2,"minecraft:coal_ore":12,"minecraft:dirt":4,"minecraft:cobblestone":2,"minecraft:lapis_ore":1,"minecraft:spruce_leaves":19,"minecraft:stone":66,"minecraft:deepslate":10},"minecraft:used":{"minecraft:cooked_mutton":2,"minecraft:iron_pickaxe":122,"minecraft:shield":2,"minecraft:torch":1,"minecraft:wooden_sword":14,"minecraft:dirt":4,"minecraft:cobblestone":7,"minecraft:cooked_beef":2},"minecraft:custom":{"minecraft:time_since_rest":20030,"minecraft:sprint_one_cm":101316,"minecraft:damage_taken":276,"minecraft:walk_one_cm":119507,"minecraft:damage_blocked_by_shield":60,"minecraft:mob_kills":3,"minecraft:drop":1,"minecraft:damage_dealt":381,"minecraft:talked_to_villager":2,"minecraft:interact_with_crafting_table":4,"minecraft:fly_one_cm":50033,"minecraft:open_barrel":2,"minecraft:open_chest":16,"minecraft:crouch_one_cm":843,"minecraft:play_time":42652,"minecraft:sneak_time":124,"minecraft:walk_under_water_one_cm":1305,"minecraft:jump":458,"minecraft:interact_with_smoker":1,"minecraft:leave_game":2,"minecraft:walk_on_water_one_cm":5600,"minecraft:time_since_death":42652,"minecraft:sleep_in_bed":1,"minecraft:total_world_time":42652,"minecraft:fall_one_cm":7863},"minecraft:killed":{"minecraft:skeleton":1,"minecraft:zombie":1},"minecraft:picked_up":{"minecraft:raw_iron":26,"chococraft:loverly_gysahl_green":2,"minecraft:stick":1,"minecraft:cooked_beef":2,"minecraft:torch":4,"minecraft:spruce_sapling":6,"chococraft:gysahl_green_seeds":10,"minecraft:spruce_log":18,"minecraft:carrot":15,"minecraft:lapis_lazuli":22,"minecraft:dirt":13,"minecraft:cooked_mutton":2,"artifacts:feral_claws":1,"minecraft:arrow":2,"minecraft:bone":6,"chococraft:gysahl_green":29,"minecraft:rotten_flesh":1,"minecraft:diamond":2,"minecraft:iron_helmet":1,"minecraft:iron_ingot":2,"minecraft:bread":3,"minecraft:iron_pickaxe":1,"minecraft:coal":12,"minecraft:snowball":83,"minecraft:cobblestone":67},"minecraft:crafted":{"minecraft:wooden_sword":1,"minecraft:shield":1,"minecraft:stick":4,"minecraft:spruce_planks":52},"minecraft:dropped":{"minecraft:dirt":9}},"DataVersion":3953}