{"stats":{"minecraft:broken":{"minecraft:iron_pickaxe":1},"minecraft:mined":{"minecraft:deepslate_redstone_ore":11,"minecraft:tuff":14,"minecraft:deepslate_diamond_ore":9,"minecraft:clay":15,"minecraft:torch":1,"minecraft:granite":3,"minecraft:grass_block":2,"minecraft:copper_ore":1,"minecraft:cobblestone":2,"minecraft:spruce_leaves":19,"minecraft:lapis_ore":1,"minecraft:deepslate_gold_ore":9,"minecraft:wall_torch":1,"minecraft:redstone_ore":2,"minecraft:carrots":4,"minecraft:iron_ore":34,"minecraft:wheat":28,"minecraft:spruce_log":18,"minecraft:andesite":1,"minecraft:deepslate_lapis_ore":3,"chococraft:gysahl_green":10,"minecraft:coal_ore":12,"minecraft:deepslate_iron_ore":16,"minecraft:dirt":4,"minecraft:stone":72,"minecraft:deepslate":236},"minecraft:custom":{"minecraft:interact_with_furnace":13,"minecraft:mob_kills":15,"minecraft:interact_with_crafting_table":14,"minecraft:open_barrel":2,"minecraft:leave_game":4,"minecraft:time_since_death":9337,"minecraft:sleep_in_bed":1,"minecraft:climb_one_cm":1697,"minecraft:time_since_rest":9537,"minecraft:waystone_activated":3,"minecraft:sprint_one_cm":277101,"minecraft:damage_taken":1200,"minecraft:walk_one_cm":343056,"minecraft:damage_blocked_by_shield":115,"minecraft:drop":26,"minecraft:damage_dealt":2651,"minecraft:fly_one_cm":157633,"minecraft:talked_to_villager":2,"minecraft:open_chest":24,"minecraft:play_time":102017,"minecraft:crouch_one_cm":874,"minecraft:sneak_time":143,"minecraft:deaths":1,"minecraft:walk_under_water_one_cm":3455,"minecraft:jump":1146,"minecraft:walk_on_water_one_cm":21289,"minecraft:total_world_time":102017,"minecraft:interact_with_smoker":6,"minecraft:fall_one_cm":24271},"minecraft:used":{"minecraft:cooked_mutton":2,"minecraft:shield":4,"minecraft:iron_sword":41,"minecraft:trial_key":2,"minecraft:torch":2,"minecraft:dirt":4,"minecraft:carrot":6,"minecraft:bread":11,"minecraft:iron_pickaxe":427,"minecraft:wooden_sword":61,"minecraft:cobblestone":10,"minecraft:cooked_beef":2},"minecraft:killed":{"minecraft:skeleton":2,"minecraft:zombie":7,"minecraft:stray":1,"minecraft:breeze":1},"minecraft:picked_up":{"chococraft:loverly_gysahl_green":2,"minecraft:wheat":38,"minecraft:feather":6,"minecraft:cooked_beef":14,"minecraft:ominous_bottle":1,"minecraft:clay_ball":120,"minecraft:smoker":3,"minecraft:filled_map":2,"minecraft:enchanted_book":1,"minecraft:diamond_horse_armor":1,"minecraft:flint":6,"minecraft:gunpowder":3,"minecraft:iron_axe":1,"minecraft:paper":8,"minecraft:lapis_lazuli":44,"minecraft:dirt":13,"minecraft:name_tag":1,"artifacts:feral_claws":1,"minecraft:beetroot_soup":2,"minecraft:cooked_mutton":2,"minecraft:item_frame":1,"minecraft:bone":14,"chococraft:gysahl_green":58,"minecraft:apple":2,"minecraft:cobbled_deepslate":24,"minecraft:raw_gold":25,"minecraft:spruce_planks":18,"minecraft:iron_ingot":30,"minecraft:trial_key":6,"minecraft:iron_pickaxe":3,"minecraft:iron_sword":1,"minecraft:tipped_arrow":1,"minecraft:stick":1,"minecraft:raw_iron":78,"minecraft:torch":5,"chococraft:gysahl_green_seeds":10,"minecraft:spruce_sapling":6,"minecraft:carrot":24,"minecraft:spruce_log":18,"minecraft:redstone":114,"travelersbackpack:standard":1,"minecraft:diamond_shovel":2,"minecraft:arrow":10,"minecraft:honey_bottle":2,"minecraft:rotten_flesh":3,"minecraft:diamond":18,"farmersdelight:onion":3,"minecraft:iron_helmet":1,"minecraft:iron_block":10,"minecraft:emerald":2,"minecraft:golden_apple":1,"minecraft:bread":11,"minecraft:saddle":1,"minecraft:golden_horse_armor":1,"minecraft:chainmail_helmet":1,"minecraft:baked_potato":19,"minecraft:coal":20,"minecraft:snowball":83,"minecraft:skeleton_skull":2,"minecraft:cobblestone":254,"minecraft:ender_pearl":2},"minecraft:killed_by":{"minecraft:stray":1},"minecraft:crafted":{"minecraft:wooden_sword":1,"minecraft:spruce_planks":72,"minecraft:baked_potato":3,"minecraft:iron_sword":1,"minecraft:bread":8,"minecraft:air":0,"minecraft:iron_boots":1,"minecraft:shield":1,"minecraft:stick":8,"minecraft:iron_ingot":22,"minecraft:iron_pickaxe":1,"minecraft:iron_leggings":1},"minecraft:dropped":{"minecraft:iron_ingot":26,"chococraft:loverly_gysahl_green":2,"minecraft:cobbled_deepslate":24,"minecraft:wheat":6,"minecraft:cobblestone":183,"minecraft:rotten_flesh":2,"minecraft:smoker":3,"minecraft:chainmail_helmet":2,"minecraft:coal":6,"minecraft:stick":2,"minecraft:flint":6,"minecraft:dirt":9,"minecraft:trial_key":1,"minecraft:spruce_planks":42,"minecraft:snowball":3,"farmersdelight:onion":3,"minecraft:wooden_sword":1,"minecraft:iron_pickaxe":1,"minecraft:paper":8,"minecraft:beetroot_soup":2}},"DataVersion":3953}