{"stats":{"minecraft:broken":{"minecraft:iron_pickaxe":1},"minecraft:used":{"minecraft:spruce_planks":18,"minecraft:shield":17,"minecraft:iron_sword":154,"minecraft:trial_key":8,"minecraft:torch":2,"minecraft:dirt":4,"minecraft:carrot":10,"minecraft:waxed_copper_grate":1,"minecraft:waxed_oxidized_copper":1,"minecraft:cooked_beef":2,"minecraft:cooked_mutton":2,"minecraft:bread":19,"minecraft:iron_pickaxe":427,"minecraft:wooden_sword":61,"minecraft:cobblestone":10},"minecraft:custom":{"minecraft:mob_kills":43,"minecraft:interact_with_crafting_table":14,"minecraft:open_barrel":4,"minecraft:damage_dealt_resisted":58,"minecraft:leave_game":4,"minecraft:time_since_death":9838,"minecraft:climb_one_cm":4738,"minecraft:sprint_one_cm":347229,"minecraft:walk_one_cm":481866,"minecraft:damage_blocked_by_shield":305,"minecraft:drop":40,"minecraft:talked_to_villager":2,"minecraft:play_time":126017,"minecraft:deaths":2,"minecraft:sneak_time":177,"minecraft:walk_under_water_one_cm":6466,"minecraft:jump":1299,"minecraft:walk_on_water_one_cm":23398,"minecraft:total_world_time":126017,"minecraft:interact_with_furnace":13,"minecraft:sleep_in_bed":1,"minecraft:time_since_rest":9889,"minecraft:waystone_activated":3,"minecraft:damage_taken":2044,"minecraft:damage_dealt":7691,"minecraft:fly_one_cm":170237,"minecraft:open_chest":30,"minecraft:crouch_one_cm":1100,"minecraft:interact_with_smoker":6,"minecraft:fall_one_cm":27225,"minecraft:inspect_dispenser":1},"minecraft:mined":{"minecraft:tuff":14,"minecraft:deepslate_diamond_ore":9,"minecraft:granite":3,"minecraft:grass_block":2,"minecraft:decorated_pot":1,"minecraft:spruce_leaves":19,"minecraft:redstone_ore":2,"minecraft:carrots":4,"minecraft:iron_ore":34,"minecraft:andesite":1,"minecraft:deepslate_lapis_ore":3,"chococraft:gysahl_green":10,"minecraft:deepslate_iron_ore":16,"minecraft:stone":72,"minecraft:deepslate_redstone_ore":11,"minecraft:torch":1,"minecraft:clay":15,"minecraft:copper_ore":1,"minecraft:cobblestone":2,"minecraft:deepslate_gold_ore":9,"minecraft:lapis_ore":1,"minecraft:wall_torch":1,"minecraft:wheat":28,"minecraft:spruce_log":18,"minecraft:coal_ore":12,"minecraft:dirt":4,"minecraft:cobweb":8,"minecraft:deepslate":236},"minecraft:killed":{"minecraft:cave_spider":13,"minecraft:spider":7,"minecraft:skeleton":2,"minecraft:zombie":7,"minecraft:stray":7,"minecraft:breeze":1},"minecraft:picked_up":{"chococraft:loverly_gysahl_green":2,"minecraft:wheat":38,"minecraft:ominous_bottle":8,"minecraft:clay_ball":120,"minecraft:flower_pot":6,"minecraft:enchanted_book":4,"minecraft:potion":4,"minecraft:diamond_horse_armor":1,"minecraft:brick":8,"minecraft:wind_charge":11,"minecraft:string":61,"minecraft:iron_axe":1,"minecraft:item_frame":1,"artifacts:feral_claws":1,"minecraft:beetroot_soup":3,"minecraft:cobbled_deepslate":24,"minecraft:spruce_planks":23,"minecraft:trial_key":37,"minecraft:iron_pickaxe":4,"minecraft:guster_pottery_sherd":2,"minecraft:waxed_oxidized_copper":2,"minecraft:tipped_arrow":23,"minecraft:raw_iron":78,"minecraft:stick":1,"minecraft:torch":5,"minecraft:flow_pottery_sherd":2,"minecraft:waxed_copper_grate":1,"minecraft:carrot":33,"minecraft:redstone":114,"minecraft:honey_bottle":2,"minecraft:arrow":25,"minecraft:rotten_flesh":3,"minecraft:decorated_pot":12,"farmersdelight:onion":3,"minecraft:iron_block":10,"minecraft:saddle":1,"minecraft:skeleton_skull":2,"minecraft:snowball":83,"minecraft:cobblestone":254,"minecraft:feather":12,"minecraft:cooked_beef":26,"minecraft:golden_carrot":2,"minecraft:smoker":3,"minecraft:filled_map":3,"minecraft:flint":6,"minecraft:gunpowder":3,"minecraft:lapis_lazuli":44,"minecraft:dirt":13,"minecraft:paper":8,"minecraft:name_tag":2,"minecraft:cooked_mutton":2,"minecraft:bone":22,"chococraft:gysahl_green":58,"minecraft:apple":4,"minecraft:raw_gold":29,"minecraft:iron_ingot":33,"minecraft:cooked_chicken":3,"minecraft:guster_banner_pattern":2,"minecraft:iron_sword":2,"minecraft:spruce_sapling":6,"chococraft:gysahl_green_seeds":10,"minecraft:spruce_log":18,"minecraft:dead_bush":1,"minecraft:spider_eye":14,"travelersbackpack:standard":1,"minecraft:diamond_shovel":2,"minecraft:diamond":24,"minecraft:iron_helmet":1,"minecraft:crossbow":4,"minecraft:golden_apple":2,"minecraft:chainmail_helmet":1,"minecraft:golden_horse_armor":1,"minecraft:bread":12,"minecraft:emerald":17,"minecraft:baked_potato":21,"minecraft:coal":20,"minecraft:ender_pearl":2},"minecraft:killed_by":{"minecraft:stray":1,"minecraft:cave_spider":1},"minecraft:crafted":{"minecraft:wooden_sword":1,"minecraft:iron_boots":1,"minecraft:spruce_planks":72,"minecraft:baked_potato":3,"minecraft:iron_sword":1,"minecraft:bread":8,"minecraft:air":0,"minecraft:shield":1,"minecraft:stick":8,"minecraft:iron_ingot":22,"minecraft:iron_pickaxe":1,"minecraft:iron_leggings":1},"minecraft:dropped":{"minecraft:guster_pottery_sherd":1,"minecraft:iron_ingot":26,"chococraft:loverly_gysahl_green":2,"minecraft:decorated_pot":6,"minecraft:cobblestone":183,"minecraft:chainmail_helmet":2,"minecraft:coal":6,"minecraft:stick":2,"minecraft:flint":6,"minecraft:dirt":9,"minecraft:snowball":3,"farmersdelight:onion":3,"minecraft:wooden_sword":1,"minecraft:iron_pickaxe":1,"minecraft:paper":8,"minecraft:beetroot_soup":2,"minecraft:flow_pottery_sherd":1,"minecraft:cobbled_deepslate":24,"minecraft:wheat":6,"minecraft:rotten_flesh":2,"minecraft:smoker":3,"minecraft:trial_key":11,"minecraft:spruce_planks":42}},"DataVersion":3953}