{"stats":{"minecraft:mined":{"minecraft:deepslate_diamond_ore":2,"minecraft:clay":15,"minecraft:torch":1,"minecraft:granite":1,"minecraft:grass_block":2,"minecraft:cobblestone":2,"minecraft:spruce_leaves":19,"minecraft:lapis_ore":1,"minecraft:wall_torch":1,"minecraft:carrots":4,"minecraft:iron_ore":19,"minecraft:wheat":28,"minecraft:spruce_log":18,"minecraft:andesite":1,"minecraft:deepslate_lapis_ore":3,"chococraft:gysahl_green":10,"minecraft:coal_ore":12,"minecraft:deepslate_iron_ore":4,"minecraft:dirt":4,"minecraft:stone":66,"minecraft:deepslate":10},"minecraft:used":{"minecraft:cooked_mutton":2,"minecraft:shield":2,"minecraft:iron_sword":19,"minecraft:torch":2,"minecraft:dirt":4,"minecraft:bread":8,"minecraft:iron_pickaxe":122,"minecraft:wooden_sword":61,"minecraft:cobblestone":7,"minecraft:cooked_beef":2},"minecraft:custom":{"minecraft:interact_with_furnace":12,"minecraft:mob_kills":9,"minecraft:interact_with_crafting_table":10,"minecraft:open_barrel":2,"minecraft:leave_game":2,"minecraft:time_since_death":66652,"minecraft:sleep_in_bed":1,"minecraft:climb_one_cm":1697,"minecraft:time_since_rest":44030,"minecraft:waystone_activated":2,"minecraft:sprint_one_cm":218985,"minecraft:damage_taken":649,"minecraft:walk_one_cm":231437,"minecraft:damage_blocked_by_shield":60,"minecraft:drop":9,"minecraft:damage_dealt":1485,"minecraft:talked_to_villager":2,"minecraft:fly_one_cm":134317,"minecraft:open_chest":19,"minecraft:crouch_one_cm":874,"minecraft:play_time":66652,"minecraft:sneak_time":142,"minecraft:walk_under_water_one_cm":1305,"minecraft:jump":856,"minecraft:walk_on_water_one_cm":5600,"minecraft:total_world_time":66652,"minecraft:interact_with_smoker":6,"minecraft:fall_one_cm":16618},"minecraft:killed":{"minecraft:skeleton":2,"minecraft:zombie":4},"minecraft:picked_up":{"chococraft:loverly_gysahl_green":2,"minecraft:wheat":26,"minecraft:cooked_beef":2,"minecraft:clay_ball":60,"minecraft:smoker":1,"minecraft:filled_map":1,"minecraft:lapis_lazuli":22,"minecraft:dirt":13,"artifacts:feral_claws":1,"minecraft:beetroot_soup":1,"minecraft:cooked_mutton":2,"minecraft:bone":6,"chococraft:gysahl_green":29,"minecraft:iron_ingot":19,"minecraft:iron_pickaxe":1,"minecraft:stick":1,"minecraft:raw_iron":26,"minecraft:torch":5,"chococraft:gysahl_green_seeds":10,"minecraft:spruce_sapling":6,"minecraft:carrot":15,"minecraft:spruce_log":18,"minecraft:rotten_flesh":3,"minecraft:arrow":2,"minecraft:diamond":2,"minecraft:iron_helmet":1,"minecraft:bread":3,"minecraft:baked_potato":8,"minecraft:coal":14,"minecraft:snowball":83,"minecraft:cobblestone":67,"minecraft:ender_pearl":1},"minecraft:crafted":{"minecraft:wooden_sword":1,"minecraft:spruce_planks":52,"minecraft:baked_potato":3,"minecraft:iron_sword":1,"minecraft:bread":8,"minecraft:air":0,"minecraft:iron_boots":1,"minecraft:shield":1,"minecraft:stick":4,"minecraft:iron_ingot":22,"minecraft:iron_leggings":1},"minecraft:dropped":{"minecraft:iron_ingot":26,"chococraft:loverly_gysahl_green":2,"minecraft:rotten_flesh":2,"minecraft:dirt":9,"minecraft:spruce_planks":42,"minecraft:snowball":3,"minecraft:wooden_sword":1,"minecraft:beetroot_soup":2}},"DataVersion":3953}