{"stats":{"minecraft:used":{"minecraft:water_bucket":4,"minecraft:stone_sword":32,"minecraft:stone_pickaxe":4,"minecraft:ladder":1,"minecraft:spruce_planks":41,"minecraft:wooden_pickaxe":16,"minecraft:iron_sword":10,"minecraft:blue_bed":2,"minecraft:dirt":6,"minecraft:crafting_table":3,"minecraft:lava_bucket":1,"minecraft:iron_axe":66,"minecraft:bread":14,"minecraft:stone_button":1,"minecraft:iron_pickaxe":34,"minecraft:stone_axe":33,"minecraft:cobblestone":8,"minecraft:dark_oak_fence":1,"minecraft:bucket":5,"minecraft:pumpkin_pie":1,"chococraft:gysahl_green":3,"minecraft:experience_bottle":3},"minecraft:mined":{"minecraft:oak_slab":1,"minecraft:scaffolding":2,"minecraft:spruce_planks":13,"minecraft:smoker":1,"minecraft:crafting_table":1,"minecraft:dark_oak_fence":1,"minecraft:short_grass":1,"minecraft:spruce_fence":7,"minecraft:decorated_pot":6,"minecraft:campfire":15,"minecraft:coal_block":18,"minecraft:blue_bed":3,"minecraft:hay_block":7,"minecraft:light_blue_wall_banner":1,"minecraft:furnace":1,"minecraft:ice":1,"minecraft:stripped_spruce_log":26,"minecraft:dark_oak_stairs":1,"chococraft:gysahl_green":6,"minecraft:bookshelf":6,"minecraft:coal_ore":8,"minecraft:lantern":3,"minecraft:dirt":4,"minecraft:gray_carpet":1,"minecraft:packed_ice":7,"minecraft:stone":16,"minecraft:iron_block":5,"minecraft:yellow_stained_glass":1},"minecraft:custom":{"minecraft:interact_with_furnace":29,"minecraft:mob_kills":11,"minecraft:tune_noteblock":5,"minecraft:interact_with_crafting_table":6,"minecraft:open_barrel":2,"minecraft:bell_ring":3,"minecraft:eat_cake_slice":4,"minecraft:leave_game":1,"minecraft:time_since_death":39581,"minecraft:sleep_in_bed":1,"minecraft:climb_one_cm":1975,"minecraft:time_since_rest":26318,"minecraft:waystone_activated":1,"minecraft:sprint_one_cm":140298,"minecraft:damage_taken":647,"minecraft:walk_one_cm":122622,"minecraft:drop":13,"minecraft:damage_dealt":1507,"minecraft:fly_one_cm":143321,"minecraft:open_chest":20,"minecraft:crouch_one_cm":13924,"minecraft:play_time":39581,"minecraft:sneak_time":5678,"minecraft:walk_under_water_one_cm":81,"minecraft:jump":677,"minecraft:walk_on_water_one_cm":163,"minecraft:interact_with_smoker":16,"minecraft:total_world_time":39581,"minecraft:fall_one_cm":22203},"minecraft:killed":{"minecraft:pig":2,"minecraft:spider":1,"minecraft:zombie":1,"minecraft:enderman":1,"minecraft:cow":6},"minecraft:picked_up":{"minecraft:charcoal":36,"minecraft:crafting_table":1,"chococraft:loverly_gysahl_green":3,"minecraft:chicken":2,"minecraft:ladder":1,"minecraft:leather":4,"minecraft:smoker":1,"minecraft:potato":2,"minecraft:string":2,"minecraft:dirt":4,"minecraft:blue_bed":3,"minecraft:lantern":8,"minecraft:iron_axe":1,"minecraft:experience_bottle":3,"minecraft:light_blue_banner":1,"chococraft:gysahl_green":18,"minecraft:apple":1,"minecraft:gray_carpet":2,"minecraft:spruce_planks":12,"minecraft:beef":23,"minecraft:iron_pickaxe":1,"minecraft:coal_block":18,"minecraft:furnace":1,"minecraft:book":15,"minecraft:oak_slab":4,"minecraft:spruce_fence":14,"minecraft:lava_bucket":1,"minecraft:porkchop":9,"minecraft:stone_button":1,"minecraft:stripped_spruce_log":26,"chococraft:gysahl_green_seeds":5,"minecraft:spider_eye":1,"minecraft:rotten_flesh":1,"minecraft:pumpkin_pie":1,"waystones:waystone":1,"minecraft:hay_block":7,"minecraft:iron_block":5,"minecraft:emerald":3,"minecraft:coal":7,"minecraft:mutton":8,"minecraft:dark_oak_fence":1,"minecraft:cod":5,"minecraft:cobblestone":16,"minecraft:ender_pearl":1},"minecraft:dropped":{"minecraft:oak_slab":4,"minecraft:chicken":2,"minecraft:spruce_fence":14,"minecraft:cod":5,"minecraft:stick":1,"minecraft:emerald":1,"minecraft:dirt":2,"farmersdelight:onion":4,"minecraft:wooden_pickaxe":1,"minecraft:gray_carpet":2},"minecraft:crafted":{"minecraft:cooked_beef":23,"minecraft:cooked_porkchop":9,"minecraft:crafting_table":3,"minecraft:spruce_planks":96,"minecraft:wooden_pickaxe":1,"minecraft:stone_axe":1,"minecraft:cooked_mutton":8,"minecraft:air":0,"minecraft:bread":21,"minecraft:shield":2,"minecraft:stick":8,"minecraft:stone_pickaxe":1,"minecraft:stone_sword":1,"minecraft:wheat":63}},"DataVersion":3953}