{"stats":{"minecraft:killed":{"minecraft:cave_spider":28,"minecraft:spider":24,"minecraft:horse":3,"minecraft:skeleton":4,"minecraft:pig":2,"creepycreepers:ghostly_creeper":1,"minecraft:zombie":4,"minecraft:stray":37,"minecraft:breeze":1,"minecraft:player":1,"minecraft:cow":9,"minecraft:enderman":1},"minecraft:picked_up":{"minecraft:iron_chestplate":4,"minecraft:charcoal":84,"chococraft:loverly_gysahl_green":5,"minecraft:crafting_table":5,"minecraft:ominous_bottle":7,"minecraft:chicken":2,"minecraft:ladder":1,"minecraft:flower_pot":1,"minecraft:potion":4,"minecraft:enchanted_book":1,"minecraft:diamond_horse_armor":2,"minecraft:brick":22,"minecraft:wind_charge":21,"minecraft:string":50,"minecraft:waxed_cut_copper_slab":1,"minecraft:iron_axe":3,"minecraft:experience_bottle":3,"minecraft:gold_nugget":19,"minecraft:cobbled_deepslate":402,"minecraft:spruce_planks":68,"minecraft:beef":28,"minecraft:trial_key":25,"minecraft:iron_nugget":19,"minecraft:iron_pickaxe":8,"minecraft:guster_pottery_sherd":1,"minecraft:coal_block":36,"farmersdelight:cabbage_seeds":2,"minecraft:waxed_oxidized_copper":1,"minecraft:furnace":7,"minecraft:tipped_arrow":195,"minecraft:stick":28,"minecraft:raw_iron":25,"minecraft:spruce_stairs":1,"minecraft:torch":17,"minecraft:spruce_fence":14,"minecraft:porkchop":9,"minecraft:flow_pottery_sherd":1,"minecraft:stone_button":1,"minecraft:trident":1,"minecraft:arrow":221,"minecraft:rotten_flesh":3,"minecraft:honey_bottle":3,"minecraft:diamond_chestplate":1,"minecraft:decorated_pot":13,"minecraft:pumpkin_pie":1,"minecraft:hay_block":7,"supplementaries:antique_ink":1,"minecraft:iron_block":11,"minecraft:saddle":1,"minecraft:flow_armor_trim_smithing_template":1,"supplementaries:ash":8,"minecraft:mutton":8,"minecraft:skeleton_skull":1,"minecraft:cod":5,"minecraft:snowball":11,"minecraft:white_wool":7,"minecraft:cobblestone":56,"minecraft:cooked_beef":33,"minecraft:golden_carrot":8,"minecraft:water_bucket":2,"minecraft:leather":14,"minecraft:smoker":3,"minecraft:potato":26,"minecraft:filled_map":1,"minecraft:tuff":9,"minecraft:lapis_lazuli":6,"minecraft:blue_bed":4,"minecraft:dirt":4,"minecraft:lantern":16,"minecraft:cooked_mutton":8,"chococraft:chocobo_feather":2,"minecraft:bone":107,"minecraft:light_blue_banner":1,"chococraft:gysahl_green":35,"minecraft:apple":22,"minecraft:gray_carpet":2,"minecraft:wheat_seeds":1,"minecraft:iron_ingot":59,"minecraft:cooked_chicken":1,"minecraft:bolt_armor_trim_smithing_template":2,"minecraft:glass_bottle":1,"minecraft:iron_sword":1,"minecraft:book":31,"minecraft:oak_slab":4,"minecraft:cooked_porkchop":9,"minecraft:lava_bucket":1,"minecraft:jungle_planks":2,"minecraft:stripped_spruce_log":30,"chococraft:gysahl_green_seeds":5,"minecraft:dead_bush":1,"minecraft:spider_eye":29,"minecraft:oak_wood":27,"minecraft:diamond":9,"waystones:waystone":3,"minecraft:crossbow":7,"minecraft:breeze_rod":4,"minecraft:diamond_axe":5,"minecraft:emerald":78,"minecraft:chainmail_helmet":1,"minecraft:bread":33,"minecraft:baked_potato":33,"minecraft:dark_oak_fence":1,"minecraft:ominous_trial_key":4,"minecraft:coal":14,"minecraft:diamond_pickaxe":3,"minecraft:ender_pearl":2},"minecraft:crafted":{"minecraft:oak_planks":28,"minecraft:cooked_mutton":8,"travelersbackpack:white_sleeping_bag":1,"minecraft:iron_boots":2,"minecraft:stone_pickaxe":1,"minecraft:chest":3,"minecraft:wheat":63,"minecraft:cooked_beef":23,"minecraft:cooked_porkchop":9,"minecraft:crafting_table":7,"minecraft:spruce_planks":104,"minecraft:iron_helmet":1,"minecraft:baked_potato":12,"minecraft:wooden_pickaxe":1,"travelersbackpack:standard":1,"minecraft:stone_axe":1,"minecraft:bread":21,"minecraft:air":0,"minecraft:shield":2,"minecraft:stick":20,"minecraft:iron_ingot":30,"minecraft:stone_sword":1,"chococraft:chocobo_saddle":1,"minecraft:iron_leggings":1,"minecraft:torch":28,"minecraft:shears":1},"minecraft:used":{"minecraft:stone_sword":32,"minecraft:ladder":1,"minecraft:chest":2,"minecraft:decorated_pot":1,"minecraft:spruce_planks":74,"minecraft:shield":90,"minecraft:iron_sword":273,"minecraft:trial_key":9,"minecraft:torch":23,"minecraft:dirt":6,"minecraft:jungle_planks":2,"minecraft:spruce_stairs":1,"minecraft:snowball":11,"minecraft:lava_bucket":1,"minecraft:lantern":8,"minecraft:iron_axe":76,"minecraft:iron_helmet":1,"minecraft:iron_boots":2,"minecraft:golden_carrot":3,"minecraft:ominous_bottle":2,"minecraft:furnace":4,"minecraft:cooked_beef":3,"minecraft:cobbled_deepslate":178,"minecraft:water_bucket":19,"minecraft:baked_potato":27,"minecraft:stone_pickaxe":4,"minecraft:wooden_pickaxe":16,"minecraft:blue_bed":3,"minecraft:diamond_axe":127,"minecraft:crafting_table":10,"minecraft:crossbow":34,"minecraft:book":2,"waystones:waystone":2,"minecraft:diamond_pickaxe":8,"minecraft:apple":13,"minecraft:ominous_trial_key":3,"minecraft:wind_charge":8,"minecraft:bread":52,"minecraft:iron_pickaxe":238,"minecraft:stone_button":1,"minecraft:stone_axe":33,"minecraft:cobblestone":41,"minecraft:potion":2,"minecraft:dark_oak_fence":1,"minecraft:bucket":20,"chococraft:gysahl_green":3,"minecraft:pumpkin_pie":1,"minecraft:splash_potion":1,"minecraft:experience_bottle":3},"minecraft:killed_by":{"minecraft:player":1},"minecraft:dropped":{"minecraft:guster_pottery_sherd":1,"minecraft:iron_ingot":9,"minecraft:enchanted_book":1,"minecraft:iron_sword":1,"minecraft:oak_slab":4,"minecraft:wheat_seeds":1,"minecraft:cooked_beef":12,"minecraft:baked_potato":4,"minecraft:glass_bottle":2,"minecraft:ender_pearl":1,"minecraft:diamond":3,"minecraft:decorated_pot":8,"minecraft:crossbow":1,"minecraft:cobblestone":7,"minecraft:saddle":1,"minecraft:chainmail_helmet":1,"minecraft:stick":8,"minecraft:cod":5,"minecraft:emerald":3,"minecraft:iron_block":5,"minecraft:diamond_horse_armor":1,"minecraft:dirt":2,"minecraft:waxed_oxidized_copper":1,"minecraft:dead_bush":1,"farmersdelight:onion":4,"minecraft:iron_pickaxe":4,"minecraft:white_wool":2,"minecraft:gray_carpet":2,"minecraft:bone":2,"minecraft:waxed_cut_copper_slab":1,"minecraft:furnace":2,"minecraft:flow_pottery_sherd":1,"minecraft:cooked_chicken":1,"minecraft:cobbled_deepslate":29,"minecraft:tuff":9,"minecraft:raw_iron":2,"minecraft:chicken":2,"minecraft:rotten_flesh":2,"minecraft:smoker":2,"minecraft:honey_bottle":3,"minecraft:spruce_fence":14,"supplementaries:antique_ink":1,"minecraft:wind_charge":2,"supplementaries:ash":8,"minecraft:tipped_arrow":8,"minecraft:flower_pot":1,"minecraft:trial_key":16,"minecraft:skeleton_skull":1,"minecraft:iron_chestplate":2,"minecraft:diamond_pickaxe":2,"minecraft:breeze_rod":2,"minecraft:spider_eye":9,"minecraft:wooden_pickaxe":1,"minecraft:brick":22},"minecraft:custom":{"minecraft:mob_kills":119,"minecraft:interact_with_crafting_table":19,"minecraft:open_barrel":9,"minecraft:bell_ring":3,"minecraft:damage_dealt_resisted":72,"minecraft:eat_cake_slice":4,"minecraft:leave_game":2,"minecraft:time_since_death":48095,"minecraft:climb_one_cm":10237,"minecraft:sprint_one_cm":448322,"minecraft:walk_one_cm":499831,"minecraft:damage_blocked_by_shield":2668,"minecraft:drop":107,"minecraft:play_time":166260,"minecraft:sneak_time":8717,"minecraft:deaths":2,"minecraft:walk_under_water_one_cm":4065,"minecraft:jump":2431,"minecraft:walk_on_water_one_cm":24567,"minecraft:total_world_time":166260,"minecraft:interact_with_furnace":46,"minecraft:tune_noteblock":5,"minecraft:sleep_in_bed":3,"minecraft:waystone_activated":3,"minecraft:time_since_rest":8536,"minecraft:damage_taken":5408,"minecraft:damage_dealt":18422,"minecraft:swim_one_cm":4859,"minecraft:fly_one_cm":504933,"minecraft:player_kills":1,"minecraft:open_chest":66,"minecraft:crouch_one_cm":24866,"minecraft:interact_with_smoker":16,"minecraft:fall_one_cm":83039,"minecraft:inspect_dispenser":5},"minecraft:broken":{"minecraft:iron_boots":1,"minecraft:iron_leggings":1,"minecraft:iron_helmet":1},"minecraft:mined":{"minecraft:waxed_cut_copper_slab":1,"minecraft:spruce_planks":14,"minecraft:deepslate_diamond_ore":4,"minecraft:dark_oak_fence":1,"minecraft:granite":2,"minecraft:spruce_fence":7,"minecraft:decorated_pot":23,"minecraft:jungle_planks":2,"minecraft:coal_block":18,"minecraft:spawner":1,"minecraft:tuff_bricks":4,"minecraft:hay_block":9,"minecraft:light_blue_wall_banner":1,"minecraft:furnace":3,"minecraft:waxed_copper_grate":2,"minecraft:iron_ore":18,"minecraft:fire":4,"minecraft:cobbled_deepslate":9,"minecraft:polished_tuff":2,"minecraft:stripped_spruce_log":28,"minecraft:dark_oak_stairs":1,"minecraft:bookshelf":6,"chococraft:gysahl_green":6,"minecraft:deepslate_iron_ore":5,"minecraft:lantern":3,"minecraft:packed_ice":8,"minecraft:stone":24,"minecraft:iron_block":5,"supplementaries:book_pile_horizontal":1,"minecraft:oak_slab":1,"minecraft:scaffolding":2,"minecraft:smoker":1,"minecraft:crafting_table":3,"minecraft:short_grass":3,"minecraft:oak_wood":27,"minecraft:campfire":15,"minecraft:tall_grass":3,"minecraft:cobblestone":6,"minecraft:lapis_ore":1,"minecraft:blue_bed":3,"minecraft:wall_torch":1,"minecraft:spruce_stairs":1,"supplementaries:urn":8,"minecraft:light_gray_stained_glass":1,"minecraft:ice":1,"minecraft:coal_ore":8,"minecraft:waxed_oxidized_copper":1,"minecraft:flower_pot":2,"minecraft:dirt":4,"minecraft:gray_carpet":1,"minecraft:cobweb":5,"minecraft:yellow_stained_glass":1,"minecraft:deepslate":142}},"DataVersion":3953}