{"stats":{"minecraft:broken":{"minecraft:iron_boots":1,"minecraft:iron_helmet":1},"minecraft:custom":{"minecraft:mob_kills":100,"minecraft:interact_with_crafting_table":11,"minecraft:open_barrel":9,"minecraft:bell_ring":3,"minecraft:damage_dealt_resisted":72,"minecraft:eat_cake_slice":4,"minecraft:leave_game":1,"minecraft:time_since_death":5416,"minecraft:climb_one_cm":4912,"minecraft:sprint_one_cm":319475,"minecraft:walk_one_cm":375973,"minecraft:damage_blocked_by_shield":1993,"minecraft:drop":82,"minecraft:play_time":123581,"minecraft:deaths":2,"minecraft:sneak_time":7732,"minecraft:walk_under_water_one_cm":3731,"minecraft:jump":1379,"minecraft:walk_on_water_one_cm":23461,"minecraft:total_world_time":123581,"minecraft:interact_with_furnace":46,"minecraft:tune_noteblock":5,"minecraft:sleep_in_bed":1,"minecraft:time_since_rest":5450,"minecraft:waystone_activated":3,"minecraft:damage_taken":4216,"minecraft:damage_dealt":15297,"minecraft:swim_one_cm":4353,"minecraft:fly_one_cm":216320,"minecraft:open_chest":40,"minecraft:crouch_one_cm":19459,"minecraft:interact_with_smoker":16,"minecraft:fall_one_cm":52747,"minecraft:inspect_dispenser":3},"minecraft:used":{"minecraft:stone_sword":32,"minecraft:ladder":1,"minecraft:decorated_pot":1,"minecraft:spruce_planks":60,"minecraft:shield":73,"minecraft:iron_sword":241,"minecraft:trial_key":9,"minecraft:torch":14,"minecraft:dirt":6,"minecraft:snowball":11,"minecraft:lava_bucket":1,"minecraft:iron_axe":76,"minecraft:lantern":8,"minecraft:iron_helmet":1,"minecraft:iron_boots":2,"minecraft:golden_carrot":2,"minecraft:ominous_bottle":1,"minecraft:furnace":4,"minecraft:cooked_beef":3,"minecraft:cobbled_deepslate":103,"minecraft:water_bucket":17,"minecraft:baked_potato":10,"minecraft:stone_pickaxe":4,"minecraft:wooden_pickaxe":16,"minecraft:diamond_axe":52,"minecraft:blue_bed":2,"minecraft:crafting_table":7,"minecraft:crossbow":25,"minecraft:book":2,"waystones:waystone":2,"minecraft:diamond_pickaxe":8,"minecraft:apple":13,"minecraft:ominous_trial_key":1,"minecraft:wind_charge":3,"minecraft:bread":45,"minecraft:iron_pickaxe":228,"minecraft:stone_button":1,"minecraft:stone_axe":33,"minecraft:potion":1,"minecraft:cobblestone":41,"minecraft:dark_oak_fence":1,"minecraft:bucket":18,"chococraft:gysahl_green":3,"minecraft:pumpkin_pie":1,"minecraft:experience_bottle":3},"minecraft:mined":{"minecraft:spruce_planks":13,"minecraft:deepslate_diamond_ore":4,"minecraft:granite":2,"minecraft:dark_oak_fence":1,"minecraft:spruce_fence":7,"minecraft:decorated_pot":22,"minecraft:coal_block":18,"minecraft:tuff_bricks":4,"minecraft:spawner":1,"minecraft:hay_block":9,"minecraft:light_blue_wall_banner":1,"minecraft:furnace":3,"minecraft:waxed_copper_grate":1,"minecraft:iron_ore":18,"minecraft:cobbled_deepslate":5,"minecraft:polished_tuff":2,"minecraft:stripped_spruce_log":26,"minecraft:dark_oak_stairs":1,"minecraft:bookshelf":6,"chococraft:gysahl_green":6,"minecraft:deepslate_iron_ore":5,"minecraft:lantern":3,"minecraft:packed_ice":7,"minecraft:stone":22,"minecraft:iron_block":5,"supplementaries:book_pile_horizontal":1,"minecraft:oak_slab":1,"minecraft:scaffolding":2,"minecraft:smoker":1,"minecraft:crafting_table":3,"minecraft:short_grass":1,"minecraft:campfire":15,"minecraft:cobblestone":5,"minecraft:lapis_ore":1,"minecraft:wall_torch":1,"minecraft:blue_bed":3,"supplementaries:urn":8,"minecraft:light_gray_stained_glass":1,"minecraft:ice":1,"minecraft:coal_ore":8,"minecraft:waxed_oxidized_copper":1,"minecraft:flower_pot":2,"minecraft:dirt":4,"minecraft:gray_carpet":1,"minecraft:cobweb":5,"minecraft:yellow_stained_glass":1,"minecraft:deepslate":142},"minecraft:killed":{"minecraft:cave_spider":27,"minecraft:spider":24,"minecraft:pig":2,"creepycreepers:ghostly_creeper":1,"minecraft:zombie":4,"minecraft:stray":31,"minecraft:breeze":1,"minecraft:cow":6,"minecraft:enderman":1},"minecraft:picked_up":{"minecraft:iron_chestplate":4,"minecraft:charcoal":84,"chococraft:loverly_gysahl_green":3,"minecraft:crafting_table":5,"minecraft:ominous_bottle":7,"minecraft:ladder":1,"minecraft:chicken":2,"minecraft:flower_pot":1,"minecraft:potion":4,"minecraft:diamond_horse_armor":2,"minecraft:brick":22,"minecraft:wind_charge":21,"minecraft:string":50,"minecraft:iron_axe":3,"minecraft:experience_bottle":3,"minecraft:gold_nugget":19,"minecraft:cobbled_deepslate":398,"minecraft:spruce_planks":67,"minecraft:beef":23,"minecraft:trial_key":25,"minecraft:iron_nugget":19,"minecraft:iron_pickaxe":7,"minecraft:guster_pottery_sherd":1,"minecraft:waxed_oxidized_copper":1,"minecraft:coal_block":36,"farmersdelight:cabbage_seeds":2,"minecraft:furnace":7,"minecraft:tipped_arrow":163,"minecraft:stick":28,"minecraft:raw_iron":25,"minecraft:torch":16,"minecraft:spruce_fence":14,"minecraft:porkchop":9,"minecraft:flow_pottery_sherd":1,"minecraft:stone_button":1,"minecraft:trident":1,"minecraft:diamond_chestplate":1,"minecraft:honey_bottle":3,"minecraft:arrow":205,"minecraft:rotten_flesh":3,"minecraft:decorated_pot":13,"minecraft:pumpkin_pie":1,"supplementaries:antique_ink":1,"minecraft:hay_block":7,"minecraft:iron_block":10,"minecraft:saddle":1,"supplementaries:ash":8,"minecraft:mutton":8,"minecraft:white_wool":3,"minecraft:cod":5,"minecraft:snowball":11,"minecraft:skeleton_skull":1,"minecraft:cobblestone":53,"minecraft:cooked_beef":31,"minecraft:golden_carrot":4,"minecraft:water_bucket":2,"minecraft:leather":8,"minecraft:smoker":3,"minecraft:potato":26,"minecraft:tuff":9,"minecraft:lapis_lazuli":6,"minecraft:blue_bed":4,"minecraft:dirt":4,"minecraft:lantern":16,"minecraft:cooked_mutton":8,"minecraft:bone":82,"chococraft:gysahl_green":18,"minecraft:light_blue_banner":1,"minecraft:apple":22,"minecraft:gray_carpet":2,"minecraft:iron_ingot":59,"minecraft:cooked_chicken":1,"minecraft:bolt_armor_trim_smithing_template":2,"minecraft:iron_sword":1,"minecraft:book":31,"minecraft:oak_slab":4,"minecraft:cooked_porkchop":9,"minecraft:lava_bucket":1,"minecraft:stripped_spruce_log":28,"chococraft:gysahl_green_seeds":5,"minecraft:dead_bush":1,"minecraft:spider_eye":26,"minecraft:diamond":9,"waystones:waystone":3,"minecraft:diamond_axe":5,"minecraft:crossbow":7,"minecraft:breeze_rod":4,"minecraft:chainmail_helmet":1,"minecraft:emerald":54,"minecraft:bread":31,"minecraft:baked_potato":26,"minecraft:ominous_trial_key":1,"minecraft:dark_oak_fence":1,"minecraft:coal":14,"minecraft:ender_pearl":2,"minecraft:diamond_pickaxe":3},"minecraft:killed_by":{"minecraft:player":1},"minecraft:crafted":{"minecraft:cooked_mutton":8,"travelersbackpack:white_sleeping_bag":1,"minecraft:iron_boots":2,"minecraft:stone_pickaxe":1,"minecraft:chest":1,"minecraft:wheat":63,"minecraft:cooked_beef":23,"minecraft:cooked_porkchop":9,"minecraft:crafting_table":4,"minecraft:iron_helmet":1,"minecraft:spruce_planks":104,"minecraft:baked_potato":12,"travelersbackpack:standard":1,"minecraft:wooden_pickaxe":1,"minecraft:stone_axe":1,"minecraft:bread":21,"minecraft:air":0,"minecraft:shield":2,"minecraft:stick":20,"minecraft:iron_ingot":21,"minecraft:stone_sword":1,"minecraft:iron_leggings":1,"minecraft:torch":28},"minecraft:dropped":{"minecraft:guster_pottery_sherd":1,"minecraft:iron_sword":1,"minecraft:oak_slab":4,"minecraft:cooked_beef":12,"minecraft:baked_potato":4,"minecraft:ender_pearl":1,"minecraft:diamond":3,"minecraft:decorated_pot":8,"minecraft:crossbow":1,"minecraft:cobblestone":4,"minecraft:saddle":1,"minecraft:chainmail_helmet":1,"minecraft:emerald":3,"minecraft:cod":5,"minecraft:stick":8,"minecraft:diamond_horse_armor":1,"minecraft:iron_block":5,"minecraft:dirt":2,"minecraft:waxed_oxidized_copper":1,"minecraft:dead_bush":1,"farmersdelight:onion":4,"minecraft:iron_pickaxe":2,"minecraft:gray_carpet":2,"minecraft:furnace":2,"minecraft:flow_pottery_sherd":1,"minecraft:cooked_chicken":1,"minecraft:cobbled_deepslate":28,"minecraft:tuff":9,"minecraft:raw_iron":2,"minecraft:chicken":2,"minecraft:rotten_flesh":2,"minecraft:smoker":2,"minecraft:honey_bottle":3,"minecraft:spruce_fence":14,"supplementaries:antique_ink":1,"minecraft:wind_charge":2,"supplementaries:ash":8,"minecraft:tipped_arrow":8,"minecraft:flower_pot":1,"minecraft:trial_key":16,"minecraft:skeleton_skull":1,"minecraft:diamond_pickaxe":1,"minecraft:iron_chestplate":2,"minecraft:breeze_rod":2,"minecraft:spider_eye":2,"minecraft:wooden_pickaxe":1,"minecraft:brick":22}},"DataVersion":3953}