{"stats":{"minecraft:custom":{"minecraft:mob_kills":29,"minecraft:interact_with_crafting_table":9,"minecraft:open_barrel":6,"minecraft:bell_ring":3,"minecraft:eat_cake_slice":4,"minecraft:leave_game":1,"minecraft:time_since_death":34361,"minecraft:climb_one_cm":1975,"minecraft:sprint_one_cm":213344,"minecraft:walk_one_cm":213744,"minecraft:damage_blocked_by_shield":485,"minecraft:drop":47,"minecraft:play_time":75581,"minecraft:deaths":1,"minecraft:sneak_time":6542,"minecraft:walk_under_water_one_cm":2944,"minecraft:jump":1050,"minecraft:walk_on_water_one_cm":16998,"minecraft:total_world_time":75581,"minecraft:interact_with_furnace":42,"minecraft:tune_noteblock":5,"minecraft:sleep_in_bed":1,"minecraft:time_since_rest":34397,"minecraft:waystone_activated":3,"minecraft:damage_taken":1793,"minecraft:damage_dealt":4608,"minecraft:swim_one_cm":3167,"minecraft:fly_one_cm":191841,"minecraft:open_chest":29,"minecraft:crouch_one_cm":15852,"minecraft:interact_with_smoker":16,"minecraft:fall_one_cm":41123,"minecraft:inspect_dispenser":1},"minecraft:used":{"minecraft:stone_sword":32,"minecraft:ladder":1,"minecraft:spruce_planks":46,"minecraft:shield":11,"minecraft:iron_sword":73,"minecraft:trial_key":1,"minecraft:torch":10,"minecraft:dirt":6,"minecraft:snowball":11,"minecraft:lava_bucket":1,"minecraft:iron_axe":67,"minecraft:lantern":8,"minecraft:iron_boots":1,"minecraft:furnace":4,"minecraft:cobbled_deepslate":41,"minecraft:water_bucket":13,"minecraft:stone_pickaxe":4,"minecraft:wooden_pickaxe":16,"minecraft:blue_bed":2,"minecraft:crafting_table":5,"waystones:waystone":2,"minecraft:diamond_pickaxe":8,"minecraft:bread":32,"minecraft:iron_pickaxe":216,"minecraft:stone_button":1,"minecraft:stone_axe":33,"minecraft:cobblestone":8,"minecraft:dark_oak_fence":1,"minecraft:bucket":14,"chococraft:gysahl_green":3,"minecraft:pumpkin_pie":1,"minecraft:experience_bottle":3},"minecraft:mined":{"minecraft:spruce_planks":13,"minecraft:deepslate_diamond_ore":4,"minecraft:granite":2,"minecraft:dark_oak_fence":1,"minecraft:spruce_fence":7,"minecraft:decorated_pot":7,"minecraft:coal_block":18,"minecraft:tuff_bricks":4,"minecraft:spawner":1,"minecraft:hay_block":9,"minecraft:light_blue_wall_banner":1,"minecraft:furnace":3,"minecraft:iron_ore":18,"minecraft:polished_tuff":2,"minecraft:stripped_spruce_log":26,"minecraft:dark_oak_stairs":1,"minecraft:bookshelf":6,"chococraft:gysahl_green":6,"minecraft:deepslate_iron_ore":5,"minecraft:lantern":3,"minecraft:packed_ice":7,"minecraft:stone":22,"minecraft:iron_block":5,"minecraft:oak_slab":1,"minecraft:scaffolding":2,"minecraft:smoker":1,"minecraft:crafting_table":2,"minecraft:short_grass":1,"minecraft:campfire":15,"minecraft:lapis_ore":1,"minecraft:wall_torch":1,"minecraft:blue_bed":3,"supplementaries:urn":4,"minecraft:ice":1,"minecraft:coal_ore":8,"minecraft:dirt":4,"minecraft:gray_carpet":1,"minecraft:cobweb":2,"minecraft:yellow_stained_glass":1,"minecraft:deepslate":142},"minecraft:killed":{"minecraft:spider":3,"minecraft:pig":2,"creepycreepers:ghostly_creeper":1,"minecraft:zombie":4,"minecraft:stray":9,"minecraft:breeze":1,"minecraft:cow":6,"minecraft:enderman":1},"minecraft:picked_up":{"minecraft:iron_chestplate":1,"minecraft:charcoal":84,"chococraft:loverly_gysahl_green":3,"minecraft:crafting_table":3,"minecraft:ladder":1,"minecraft:chicken":2,"minecraft:flower_pot":1,"minecraft:potion":1,"minecraft:diamond_horse_armor":2,"minecraft:brick":4,"minecraft:string":16,"minecraft:iron_axe":2,"minecraft:experience_bottle":3,"minecraft:cobbled_deepslate":323,"minecraft:spruce_planks":54,"minecraft:beef":23,"minecraft:trial_key":1,"minecraft:iron_pickaxe":4,"minecraft:coal_block":36,"farmersdelight:cabbage_seeds":2,"minecraft:furnace":7,"minecraft:tipped_arrow":20,"minecraft:stick":15,"minecraft:raw_iron":25,"minecraft:torch":1,"minecraft:spruce_fence":14,"minecraft:porkchop":9,"minecraft:stone_button":1,"minecraft:trident":1,"minecraft:arrow":11,"minecraft:rotten_flesh":3,"minecraft:decorated_pot":5,"minecraft:pumpkin_pie":1,"minecraft:hay_block":7,"minecraft:iron_block":10,"minecraft:saddle":1,"minecraft:mutton":8,"minecraft:white_wool":3,"minecraft:cod":5,"minecraft:snowball":11,"minecraft:skeleton_skull":1,"minecraft:cobblestone":50,"minecraft:cooked_beef":23,"minecraft:water_bucket":1,"minecraft:leather":8,"minecraft:smoker":3,"minecraft:potato":26,"minecraft:tuff":9,"minecraft:lapis_lazuli":6,"minecraft:blue_bed":4,"minecraft:dirt":4,"minecraft:lantern":16,"minecraft:cooked_mutton":8,"minecraft:bone":12,"chococraft:gysahl_green":18,"minecraft:light_blue_banner":1,"minecraft:apple":18,"minecraft:gray_carpet":2,"minecraft:iron_ingot":4,"minecraft:iron_sword":1,"minecraft:book":30,"minecraft:oak_slab":4,"minecraft:cooked_porkchop":9,"minecraft:lava_bucket":1,"minecraft:stripped_spruce_log":28,"chococraft:gysahl_green_seeds":5,"minecraft:spider_eye":4,"minecraft:diamond":7,"waystones:waystone":3,"minecraft:crossbow":1,"minecraft:breeze_rod":3,"minecraft:chainmail_helmet":1,"minecraft:emerald":5,"minecraft:bread":31,"minecraft:baked_potato":4,"minecraft:dark_oak_fence":1,"minecraft:coal":14,"minecraft:ender_pearl":2,"minecraft:diamond_pickaxe":1},"minecraft:crafted":{"minecraft:cooked_mutton":8,"travelersbackpack:white_sleeping_bag":1,"minecraft:iron_boots":1,"minecraft:stone_pickaxe":1,"minecraft:chest":1,"minecraft:wheat":63,"minecraft:cooked_beef":23,"minecraft:cooked_porkchop":9,"minecraft:crafting_table":4,"minecraft:spruce_planks":104,"travelersbackpack:standard":1,"minecraft:wooden_pickaxe":1,"minecraft:stone_axe":1,"minecraft:bread":21,"minecraft:air":0,"minecraft:shield":2,"minecraft:stick":20,"minecraft:iron_ingot":21,"minecraft:stone_sword":1,"minecraft:iron_leggings":1,"minecraft:torch":28},"minecraft:dropped":{"minecraft:oak_slab":4,"minecraft:cooked_beef":12,"minecraft:baked_potato":2,"minecraft:ender_pearl":1,"minecraft:diamond":3,"minecraft:cobblestone":4,"minecraft:saddle":1,"minecraft:chainmail_helmet":1,"minecraft:emerald":3,"minecraft:cod":5,"minecraft:stick":8,"minecraft:diamond_horse_armor":1,"minecraft:iron_block":5,"minecraft:dirt":2,"farmersdelight:onion":4,"minecraft:iron_pickaxe":2,"minecraft:gray_carpet":2,"minecraft:furnace":2,"minecraft:cobbled_deepslate":27,"minecraft:tuff":9,"minecraft:raw_iron":2,"minecraft:chicken":2,"minecraft:rotten_flesh":2,"minecraft:smoker":2,"minecraft:spruce_fence":14,"minecraft:tipped_arrow":7,"minecraft:skeleton_skull":1,"minecraft:iron_chestplate":1,"minecraft:breeze_rod":2,"minecraft:spider_eye":2,"minecraft:wooden_pickaxe":1}},"DataVersion":3953}