{"stats":{"minecraft:used":{"minecraft:stone_sword":32,"minecraft:stone_pickaxe":4,"minecraft:spruce_planks":4,"minecraft:wooden_pickaxe":16,"minecraft:stone_axe":31,"minecraft:cobblestone":8,"minecraft:crafting_table":1,"chococraft:gysahl_green":3},"minecraft:mined":{"minecraft:hay_block":7,"minecraft:oak_slab":1,"minecraft:spruce_planks":1,"minecraft:furnace":1,"minecraft:stripped_spruce_log":15,"minecraft:short_grass":1,"minecraft:bookshelf":4,"chococraft:gysahl_green":6,"minecraft:spruce_fence":7,"minecraft:lantern":3,"minecraft:dirt":1,"minecraft:stone":16,"minecraft:blue_bed":1},"minecraft:custom":{"minecraft:time_since_rest":9581,"minecraft:waystone_activated":1,"minecraft:interact_with_furnace":1,"minecraft:sprint_one_cm":23068,"minecraft:damage_taken":70,"minecraft:walk_one_cm":30402,"minecraft:mob_kills":8,"minecraft:drop":2,"minecraft:damage_dealt":821,"minecraft:interact_with_crafting_table":2,"minecraft:fly_one_cm":42621,"minecraft:open_chest":4,"minecraft:crouch_one_cm":3483,"minecraft:play_time":9581,"minecraft:sneak_time":2436,"minecraft:jump":188,"minecraft:eat_cake_slice":3,"minecraft:leave_game":1,"minecraft:time_since_death":9581,"minecraft:total_world_time":9581,"minecraft:fall_one_cm":4292},"minecraft:killed":{"minecraft:pig":2,"minecraft:cow":6},"minecraft:picked_up":{"minecraft:book":12,"minecraft:oak_slab":2,"chococraft:loverly_gysahl_green":3,"minecraft:leather":4,"minecraft:spruce_fence":7,"minecraft:porkchop":3,"minecraft:stripped_spruce_log":15,"chococraft:gysahl_green_seeds":5,"minecraft:blue_bed":1,"minecraft:dirt":1,"minecraft:lantern":8,"chococraft:gysahl_green":18,"minecraft:spruce_planks":1,"minecraft:hay_block":7,"minecraft:beef":11,"minecraft:cobblestone":16,"minecraft:furnace":1},"minecraft:dropped":{"minecraft:wooden_pickaxe":1,"minecraft:stick":1},"minecraft:crafted":{"minecraft:crafting_table":2,"minecraft:spruce_planks":24,"minecraft:stick":8,"minecraft:wooden_pickaxe":1,"minecraft:stone_pickaxe":1,"minecraft:stone_sword":1,"minecraft:stone_axe":1}},"DataVersion":3953}